ICOUNT,ID_MT,ENTIDAD,ID_TRAMO,TIPO_CALZ,PR,Latitud,Longitud,Clasificacion,Municipio,Departamento,divipola
2,,INVIAS-OTROS,,,37,1.020441,-77.698917,Muy Bajo,SAPUYES,NARIÑO,52720
2,4G025,ANI,RumPast_Tramo_UF3,Doble,36,0.997095,-77.474728,Muy Bajo,ILES,NARIÑO,52352
4,4G025,ANI,RumPast_Tramo_UF5,Doble,79,1.163092,-77.286501,Muy Bajo,PASTO,NARIÑO,52001
2,,INVIAS-OTROS,RPC_Tramo_5VOrientPasto,Sencilla,sd,1.168242,-77.255688,Muy Bajo,PASTO,NARIÑO,52001
2,,INVIAS-OTROS,ViaPuerto_Tramo_UF0,Sencilla,20,3.879461,-76.922322,Muy Bajo,BUENAVENTURA,VALLE DEL CAUCA,76109
2,,INVIAS-OTROS,ViaPuerto_Tramo_UF0,Sencilla,26,3.870278,-76.87666,Muy Bajo,BUENAVENTURA,VALLE DEL CAUCA,76109
7,,INVIAS-OTROS,ViaPuerto_Tramo_UF0,Sencilla,45,3.820753,-76.782572,Bajo,BUENAVENTURA,VALLE DEL CAUCA,76109
4,,INVIAS-OTROS,MVVCC_Tramo_7LobogBuga,Doble,83,3.845501,-76.579456,Muy Bajo,LA CUMBRE,VALLE DEL CAUCA,76377
2,4G026,ANI,AutoMar2_Tramo_UF5,Sencilla,24,7.492504,-76.566124,Muy Bajo,MUTATÁ,ANTIOQUIA,5480
2,4G021,ANI,MVVCC_Tramo_1PopayanSantQui,Doble,55,2.883826,-76.551361,Muy Bajo,CALDONO,CAUCA,19137
4,,INVIAS-OTROS,MVVCC_Tramo_7LobogBuga,Doble,87,3.854613,-76.54604,Muy Bajo,RESTREPO,VALLE DEL CAUCA,76606
3,4G021,ANI,MVVCC_Tramo_1PopayanSantQui,Doble,73,3.016749,-76.499233,Muy Bajo,SANTANDER DE QUILICHAO,CAUCA,19698
2,4G021,ANI,MVVCC_Tramo_1PopayanSantQui,Doble,71,3.000641,-76.496945,Muy Bajo,SANTANDER DE QUILICHAO,CAUCA,19698
8,,INVIAS-OTROS,MVVCC_Tramo_6CencarPLaTorre,Doble,sd,3.552498,-76.47908,Bajo,PALMIRA,VALLE DEL CAUCA,76520
3,,INVIAS-OTROS,MVVCC_Tramo_4CaliPalmira,Doble,3,3.496313,-76.461411,Muy Bajo,PALMIRA,VALLE DEL CAUCA,76520
3,,INVIAS-OTROS,MVVCC_Tramo_2SantQuiPalmira,Doble,sd,3.175478,-76.452656,Muy Bajo,VILLA RICA,CAUCA,19845
2,,INVIAS-OTROS,MVVCC_Tramo_4CaliPalmira,Doble,5,3.500004,-76.446648,Muy Bajo,PALMIRA,VALLE DEL CAUCA,76520
4,,INVIAS-OTROS,MVVCC_Tramo_6CencarPLaTorre,Doble,sd,3.559141,-76.445704,Muy Bajo,PALMIRA,VALLE DEL CAUCA,76520
8,,INVIAS-OTROS,MVVCC_Tramo_6CencarPLaTorre,Doble,sd,3.564077,-76.434174,Bajo,PALMIRA,VALLE DEL CAUCA,76520
2,,INVIAS-OTROS,MVVCC_Tramo_6CencarPLaTorre,Doble,sd,3.530302,-76.426392,Muy Bajo,PALMIRA,VALLE DEL CAUCA,76520
8,,INVIAS-OTROS,MVVCC_Tramo_6CencarPLaTorre,Doble,sd,3.551623,-76.419354,Bajo,PALMIRA,VALLE DEL CAUCA,76520
12,,INVIAS-OTROS,MVVCC_Tramo_4CaliPalmira,Doble,7,3.50657,-76.417723,Bajo,PALMIRA,VALLE DEL CAUCA,76520
2,,INVIAS-OTROS,MVVCC_Tramo_6CencarPLaTorre,Doble,sd,3.587551,-76.403217,Muy Bajo,PALMIRA,VALLE DEL CAUCA,76520
4,,INVIAS-OTROS,MVVCC_Tramo_4CaliPalmira,Doble,9,3.510647,-76.400643,Muy Bajo,PALMIRA,VALLE DEL CAUCA,76520
5,,INVIAS-OTROS,MVVCC_Tramo_6CencarPLaTorre,Doble,sd,3.536031,-76.398626,Muy Bajo,PALMIRA,VALLE DEL CAUCA,76520
9,,INVIAS-OTROS,MVVCC_Tramo_6CencarPLaTorre,Doble,sd,3.522878,-76.392002,Bajo,PALMIRA,VALLE DEL CAUCA,76520
2,,INVIAS-OTROS,MVVCC_Tramo_6CencarPLaTorre,Doble,sd,3.641882,-76.382275,Muy Bajo,PALMIRA,VALLE DEL CAUCA,76520
4,,INVIAS-OTROS,MVVCC_Tramo_4CaliPalmira,Doble,13,3.514981,-76.380387,Muy Bajo,PALMIRA,VALLE DEL CAUCA,76520
7,,INVIAS-OTROS,MVVCC_Tramo_6CencarPLaTorre,Doble,sd,3.652625,-76.375694,Bajo,EL CERRITO,VALLE DEL CAUCA,76248
2,,INVIAS-OTROS,MVVCC_Tramo_4CaliPalmira,Doble,13,3.518286,-76.366654,Muy Bajo,PALMIRA,VALLE DEL CAUCA,76520
12,,INVIAS-OTROS,MVVCC_Tramo_6CencarPLaTorre,Doble,sd,3.666267,-76.366207,Bajo,EL CERRITO,VALLE DEL CAUCA,76248
2,,INVIAS-OTROS,MVVCC_Tramo_6CencarPLaTorre,Doble,sd,3.672781,-76.354122,Muy Bajo,EL CERRITO,VALLE DEL CAUCA,76248
6,,INVIAS-OTROS,MVVCC_Tramo_4CaliPalmira,Doble,sd,3.538857,-76.338101,Muy Bajo,PALMIRA,VALLE DEL CAUCA,76520
15,,INVIAS-OTROS,MVVCC_Tramo_4CaliPalmira,Doble,sd,3.561634,-76.334581,Medio,PALMIRA,VALLE DEL CAUCA,76520
10,,INVIAS-OTROS,MVVCC_Tramo_6CencarPLaTorre,Doble,sd,3.678103,-76.333952,Bajo,EL CERRITO,VALLE DEL CAUCA,76248
5,,INVIAS-OTROS,MVVCC_Tramo_4CaliPalmira,Doble,sd,3.574419,-76.329609,Muy Bajo,PALMIRA,VALLE DEL CAUCA,76520
3,,INVIAS-OTROS,MVVCC_Tramo_3PalmiraBuga,Doble,53,3.773546,-76.326542,Muy Bajo,GUACARÍ,VALLE DEL CAUCA,76318
3,,INVIAS-OTROS,MVVCC_Tramo_3PalmiraBuga,Doble,sd,3.758211,-76.326084,Muy Bajo,GUACARÍ,VALLE DEL CAUCA,76318
12,,INVIAS-OTROS,MVVCC_Tramo_3PalmiraBuga,Doble,49,3.741389,-76.324282,Bajo,GUACARÍ,VALLE DEL CAUCA,76318
6,,INVIAS-OTROS,MVVCC_Tramo_4CaliPalmira,Doble,sd,3.585606,-76.322594,Muy Bajo,PALMIRA,VALLE DEL CAUCA,76520
8,,INVIAS-OTROS,MVVCC_Tramo_3PalmiraBuga,Doble,43,3.698874,-76.322296,Bajo,EL CERRITO,VALLE DEL CAUCA,76248
4,,INVIAS-OTROS,MVVCC_Tramo_3PalmiraBuga,Doble,55,3.78705,-76.319046,Muy Bajo,GUACARÍ,VALLE DEL CAUCA,76318
13,,INVIAS-OTROS,MVVCC_Tramo_4CaliPalmira,Doble,sd,3.600062,-76.314285,Bajo,PALMIRA,VALLE DEL CAUCA,76520
4,,DEPTO,,,118,3.886886,-76.312409,Muy Bajo,BUGA,VALLE DEL CAUCA,76111
4,,INVIAS-OTROS,MVVCC_Tramo_3PalmiraBuga,Doble,43,3.691178,-76.311608,Muy Bajo,EL CERRITO,VALLE DEL CAUCA,76248
8,,INVIAS-OTROS,MVVCC_Tramo_3PalmiraBuga,Doble,56,3.79818,-76.310864,Bajo,GUACARÍ,VALLE DEL CAUCA,76318
9,,INVIAS-OTROS,MVVCC_Tramo_3PalmiraBuga,Doble,57,3.812018,-76.30785,Bajo,BUGA,VALLE DEL CAUCA,76111
12,,INVIAS-OTROS,MVVCC_Tramo_4CaliPalmira,Doble,sd,3.616777,-76.306601,Bajo,EL CERRITO,VALLE DEL CAUCA,76248
6,,DEPTO,,,68,3.909502,-76.306572,Muy Bajo,BUGA,VALLE DEL CAUCA,76111
20,,INVIAS-OTROS,MVVCC_Tramo_3PalmiraBuga,Doble,sd,3.86902,-76.303848,Medio,BUGA,VALLE DEL CAUCA,76111
7,,INVIAS-OTROS,MVVCC_Tramo_3PalmiraBuga,Doble,59,3.826492,-76.302918,Bajo,BUGA,VALLE DEL CAUCA,76111
2,,INVIAS-OTROS,MVVCC_Tramo_3PalmiraBuga,Doble,sd,3.6763,-76.301079,Muy Bajo,EL CERRITO,VALLE DEL CAUCA,76248
12,,INVIAS-OTROS,MVVCC_Tramo_3PalmiraBuga,Doble,61,3.839293,-76.299992,Bajo,BUGA,VALLE DEL CAUCA,76111
11,,INVIAS-OTROS,MVVCC_Tramo_3PalmiraBuga,Doble,61,3.851211,-76.297781,Bajo,BUGA,VALLE DEL CAUCA,76111
4,,INVIAS-OTROS,MVVCC_Tramo_3PalmiraBuga,Doble,37,3.649092,-76.295843,Muy Bajo,EL CERRITO,VALLE DEL CAUCA,76248
13,,INVIAS-OTROS,MVVCC_Tramo_3PalmiraBuga,Doble,35,3.629823,-76.295304,Bajo,EL CERRITO,VALLE DEL CAUCA,76248
9,,INVIAS-OTROS,MVVCC_Tramo_3PalmiraBuga,Doble,39,3.66271,-76.292477,Bajo,EL CERRITO,VALLE DEL CAUCA,76248
7,,DEPTO,,,72,3.935516,-76.281996,Bajo,BUGA,VALLE DEL CAUCA,76111
2,,INVIAS-OTROS,,,62,3.359328,-76.264,Muy Bajo,PRADERA,VALLE DEL CAUCA,76563
4,,DEPTO,,,sd,3.964563,-76.260739,Muy Bajo,SAN PEDRO,VALLE DEL CAUCA,76670
2,,DEPTO,,,79,3.976794,-76.246491,Muy Bajo,SAN PEDRO,VALLE DEL CAUCA,76670
10,,DEPTO,,,80,3.986922,-76.2378,Bajo,SAN PEDRO,VALLE DEL CAUCA,76670
7,,DEPTO,,,83,4.005461,-76.225572,Bajo,SAN PEDRO,VALLE DEL CAUCA,76670
5,,DEPTO,,,84,4.018782,-76.218579,Muy Bajo,SAN PEDRO,VALLE DEL CAUCA,76670
10,,DEPTO,,,86,4.0343,-76.211678,Bajo,SAN PEDRO,VALLE DEL CAUCA,76670
11,,DEPTO,,,87,4.043904,-76.207352,Bajo,TULUÁ,VALLE DEL CAUCA,76834
6,,DEPTO,,,90,4.058161,-76.19252,Muy Bajo,TULUÁ,VALLE DEL CAUCA,76834
13,,DEPTO,,,100,4.14213,-76.180086,Bajo,ANDALUCÍA,VALLE DEL CAUCA,76036
15,,DEPTO,,,92,4.071173,-76.178393,Medio,TULUÁ,VALLE DEL CAUCA,76834
5,,DEPTO,,,97,4.123049,-76.177998,Muy Bajo,TULUÁ,VALLE DEL CAUCA,76834
2,,DEPTO,,,0,4.159785,-76.17611,Muy Bajo,ANDALUCÍA,VALLE DEL CAUCA,76036
9,,DEPTO,,,95,4.104595,-76.175394,Bajo,TULUÁ,VALLE DEL CAUCA,76834
7,,DEPTO,,,93,4.084548,-76.172701,Bajo,TULUÁ,VALLE DEL CAUCA,76834
10,,DEPTO,,,2,4.181128,-76.170502,Bajo,ANDALUCÍA,VALLE DEL CAUCA,76036
12,,DEPTO,,,7,4.224855,-76.142206,Bajo,BUGALAGRANDE,VALLE DEL CAUCA,76113
4,,DEPTO,,,9,4.23347,-76.132508,Muy Bajo,BUGALAGRANDE,VALLE DEL CAUCA,76113
6,,DEPTO,,,11,4.244213,-76.124439,Muy Bajo,BUGALAGRANDE,VALLE DEL CAUCA,76113
8,,DEPTO,,,14,4.264176,-76.108475,Bajo,ZARZAL,VALLE DEL CAUCA,76895
14,,DEPTO,,,16,4.276208,-76.09896,Bajo,ZARZAL,VALLE DEL CAUCA,76895
13,,DEPTO,,,18,4.291308,-76.085959,Bajo,ZARZAL,VALLE DEL CAUCA,76895
8,,DEPTO,,,20,4.30677,-76.074057,Bajo,ZARZAL,VALLE DEL CAUCA,76895
48,,DEPTO,,,28,4.372459,-76.069744,Muy Alto,ZARZAL,VALLE DEL CAUCA,76895
22,,DEPTO,,,26,4.352708,-76.068962,Medio,ZARZAL,VALLE DEL CAUCA,76895
24,1G010,ANI,Armenia_Tramo_7LaPailaCalarca,Sencilla,0,4.33636,-76.066521,Medio,ZARZAL,VALLE DEL CAUCA,76895
36,,DEPTO,,,30,4.387085,-76.063866,Alto,ZARZAL,VALLE DEL CAUCA,76895
36,,DEPTO,,,33,4.40598,-76.061621,Alto,ZARZAL,VALLE DEL CAUCA,76895
32,,DEPTO,,,34,4.423302,-76.058538,Alto,ZARZAL,VALLE DEL CAUCA,76895
25,,DEPTO,,,36,4.437601,-76.055184,Medio,ZARZAL,VALLE DEL CAUCA,76895
40,,DEPTO,,,38,4.453308,-76.050536,Alto,ZARZAL,VALLE DEL CAUCA,76895
22,,DEPTO,,,40,4.466744,-76.041826,Medio,LA VICTORIA,VALLE DEL CAUCA,76403
22,,DEPTO,,,40,4.47547,-76.035332,Medio,LA VICTORIA,VALLE DEL CAUCA,76403
21,,DEPTO,Pereira_Tramo_1LaVictCartago,Doble,42,4.485065,-76.030122,Medio,LA VICTORIA,VALLE DEL CAUCA,76403
31,,DEPTO,Pereira_Tramo_1LaVictCartago,Doble,44,4.498256,-76.022054,Alto,LA VICTORIA,VALLE DEL CAUCA,76403
24,3G003,ANI,Pereira_Tramo_1LaVictCartago,Doble,45,4.513348,-76.017273,Medio,LA VICTORIA,VALLE DEL CAUCA,76403
45,3G003,ANI,Pereira_Tramo_1LaVictCartago,Doble,48,4.530162,-76.0165,Muy Alto,LA VICTORIA,VALLE DEL CAUCA,76403
37,3G003,ANI,Pereira_Tramo_1LaVictCartago,Doble,50,4.546532,-76.00156,Alto,LA VICTORIA,VALLE DEL CAUCA,76403
34,3G003,ANI,Pereira_Tramo_1LaVictCartago,Doble,52,4.558958,-75.985394,Alto,OBANDO,VALLE DEL CAUCA,76497
10,3G003,ANI,Pereira_Tramo_1LaVictCartago,Doble,54,4.56803,-75.979042,Bajo,OBANDO,VALLE DEL CAUCA,76497
23,3G003,ANI,Pereira_Tramo_1LaVictCartago,Doble,56,4.585813,-75.970048,Medio,OBANDO,VALLE DEL CAUCA,76497
47,3G003,ANI,Pereira_Tramo_1LaVictCartago,Doble,58,4.603183,-75.959815,Muy Alto,OBANDO,VALLE DEL CAUCA,76497
3,4G022,ANI,SantaNeiva_Tramo_GarzonPitalito,Sencilla,14,1.915426,-75.955181,Muy Bajo,TIMANÁ,HUILA,41807
30,3G003,ANI,Pereira_Tramo_1LaVictCartago,Doble,61,4.61782,-75.94623,Alto,OBANDO,VALLE DEL CAUCA,76497
19,3G003,ANI,Pereira_Tramo_1LaVictCartago,Doble,sd,4.626189,-75.935124,Medio,OBANDO,VALLE DEL CAUCA,76497
29,3G003,ANI,Pereira_Tramo_1LaVictCartago,Doble,64,4.633553,-75.925799,Alto,OBANDO,VALLE DEL CAUCA,76497
47,3G003,ANI,Pereira_Tramo_1LaVictCartago,Doble,68,4.668601,-75.925796,Muy Alto,CARTAGO,VALLE DEL CAUCA,76147
22,3G003,ANI,Pereira_Tramo_1LaVictCartago,Doble,70,4.686006,-75.924397,Medio,CARTAGO,VALLE DEL CAUCA,76147
51,3G003,ANI,Pereira_Tramo_1LaVictCartago,Doble,66,4.649518,-75.922127,Muy Alto,CARTAGO,VALLE DEL CAUCA,76147
7,3G003,ANI,Pereira_Tramo_1LaVictCartago,Doble,sd,4.707041,-75.922075,Bajo,CARTAGO,VALLE DEL CAUCA,76147
22,3G003,ANI,Pereira_Tramo_1LaVictCartago,Doble,sd,4.720674,-75.91701,Medio,CARTAGO,VALLE DEL CAUCA,76147
2,4G022,ANI,SantaNeiva_Tramo_GarzonPitalito,Sencilla,25,2.000284,-75.908661,Muy Bajo,TIMANÁ,HUILA,41807
2,3G003,ANI,Pereira_Tramo_4PasoNalCartago,Doble,77,4.740687,-75.903168,Muy Bajo,CARTAGO,VALLE DEL CAUCA,76147
2,4G022,ANI,SantaNeiva_Tramo_GarzonPitalito,Sencilla,28,2.006035,-75.892868,Muy Bajo,TIMANÁ,HUILA,41807
2,,INVIAS-OTROS,Pereira_Tramo_2CartagICerritos,Doble,80,4.766522,-75.892353,Muy Bajo,PEREIRA,RISARALDA,66001
8,4G022,ANI,SantaNeiva_Tramo_GarzonPitalito,Sencilla,30,2.016356,-75.88274,Bajo,TIMANÁ,HUILA,41807
17,,INVIAS-OTROS,Pereira_Tramo_2CartagICerritos,Doble,83,4.777747,-75.876045,Medio,PEREIRA,RISARALDA,66001
12,4G022,ANI,SantaNeiva_Tramo_GarzonPitalito,Sencilla,32,2.026785,-75.873385,Bajo,TIMANÁ,HUILA,41807
3,,INVIAS-OTROS,,,51,2.414103,-75.8634,Muy Bajo,LA PLATA,HUILA,41396
4,,INVIAS-OTROS,,,6,4.841666,-75.859738,Muy Bajo,PEREIRA,RISARALDA,66001
3,,INVIAS-OTROS,Pereira_Tramo_2CartagICerritos,Doble,85,4.793902,-75.859223,Muy Bajo,PEREIRA,RISARALDA,66001
3,,INVIAS-OTROS,,,56,2.437849,-75.849667,Muy Bajo,LA PLATA,HUILA,41396
5,,INVIAS-OTROS,,,58,2.454672,-75.837164,Muy Bajo,PAICOL,HUILA,41518
10,,INVIAS-OTROS,,,22,1.847069,-75.823946,Bajo,SUAZA,HUILA,41770
4,,INVIAS-OTROS,,,19,1.875115,-75.823403,Muy Bajo,SUAZA,HUILA,41770
11,4G016,ANI,Antioquia_Tramo_UF7,Sencilla,3,9.268427,-75.822027,Bajo,LORICA,CÓRDOBA,23417
7,,INVIAS-OTROS,,,24,1.833184,-75.820501,Bajo,SUAZA,HUILA,41770
3,,INVIAS-OTROS,,,62,2.479449,-75.816822,Muy Bajo,PAICOL,HUILA,41518
8,4G022,ANI,SantaNeiva_Tramo_GarzonPitalito,Sencilla,42,2.066607,-75.813364,Bajo,ALTAMIRA,HUILA,41026
4,4G016,ANI,Antioquia_Tramo_UF6,Sencilla,6,9.283791,-75.812273,Muy Bajo,LORICA,CÓRDOBA,23417
4,,INVIAS-OTROS,,,16,1.894498,-75.811672,Muy Bajo,SUAZA,HUILA,41770
3,,INVIAS-OTROS,,,14,1.914282,-75.804348,Muy Bajo,SUAZA,HUILA,41770
6,,INVIAS-OTROS,,,10,1.948486,-75.801544,Muy Bajo,SUAZA,HUILA,41770
7,4G016,ANI,Antioquia_Tramo_UF6,Sencilla,10,9.317079,-75.799785,Bajo,SAN ANTERO,CÓRDOBA,23672
3,,INVIAS-OTROS,,,8,1.962977,-75.799313,Muy Bajo,SUAZA,HUILA,41770
10,,INVIAS-OTROS,,,11,1.933216,-75.797012,Bajo,SUAZA,HUILA,41770
7,4G016,ANI,Antioquia_Tramo_UF6,Sencilla,12,9.330765,-75.793525,Bajo,SAN ANTERO,CÓRDOBA,23672
7,,INVIAS-OTROS,,,5,1.987689,-75.793004,Bajo,SUAZA,HUILA,41770
13,4G016,ANI,Antioquia_Tramo_UF6,Sencilla,14,9.343269,-75.789914,Bajo,SAN ANTERO,CÓRDOBA,23672
4,,INVIAS-OTROS,,,3,2.003932,-75.787211,Muy Bajo,ALTAMIRA,HUILA,41026
7,4G022,ANI,SantaNeiva_Tramo_GarzonPitalito,Sencilla,46,2.078382,-75.782696,Bajo,ALTAMIRA,HUILA,41026
6,4G016,ANI,Antioquia_Tramo_UF6,Sencilla,16,9.357605,-75.77837,Muy Bajo,SAN ANTERO,CÓRDOBA,23672
8,4G016,ANI,Antioquia_Tramo_UF6,Sencilla,18,9.366374,-75.766497,Bajo,SAN ANTERO,CÓRDOBA,23672
2,,INVIAS-OTROS,,,70,2.455444,-75.764294,Muy Bajo,PAICOL,HUILA,41518
4,4G022,ANI,SantaNeiva_Tramo_GarzonPitalito,Sencilla,50,2.090321,-75.76292,Muy Bajo,ALTAMIRA,HUILA,41026
3,4G022,ANI,SantaNeiva_Tramo_GarzonPitalito,Sencilla,52,2.104182,-75.751419,Muy Bajo,ALTAMIRA,HUILA,41026
2,,INVIAS-OTROS,,,72,2.462225,-75.745411,Muy Bajo,TESALIA,HUILA,41797
12,4G016,ANI,Antioquia_Tramo_UF6,Sencilla,22,9.382968,-75.739289,Bajo,SAN ANTERO,CÓRDOBA,23672
12,4G022,ANI,SantaNeiva_Tramo_GarzonPitalito,Sencilla,54,2.118203,-75.738569,Bajo,ALTAMIRA,HUILA,41026
3,,INVIAS-OTROS,,,74,2.459536,-75.729046,Muy Bajo,TESALIA,HUILA,41797
2,4G016,ANI,Antioquia_Tramo_UF4,Doble,27,8.588476,-75.7267,Muy Bajo,MONTERÍA,CÓRDOBA,23001
7,4G022,ANI,SantaNeiva_Tramo_GarzonPitalito,Sencilla,58,2.129605,-75.724503,Bajo,ALTAMIRA,HUILA,41026
12,4G016,ANI,Antioquia_Tramo_UF6,Sencilla,24,9.395748,-75.723983,Bajo,SAN ANTERO,CÓRDOBA,23672
2,,INVIAS-OTROS,Armenia_Tramo_8VTroncalOcc,Sencilla,7,4.822827,-75.716057,Muy Bajo,PEREIRA,RISARALDA,66001
2,4G016,ANI,,,26,9.403696,-75.713139,Muy Bajo,SAN ANTERO,CÓRDOBA,23672
4,4G022,ANI,SantaNeiva_Tramo_GarzonPitalito,Sencilla,60,2.137041,-75.71188,Muy Bajo,ALTAMIRA,HUILA,41026
3,,INVIAS-OTROS,,,76,2.462783,-75.710135,Muy Bajo,TESALIA,HUILA,41797
2,4G022,ANI,SantaNeiva_Tramo_GarzonPitalito,Sencilla,62,2.146883,-75.695286,Muy Bajo,ALTAMIRA,HUILA,41026
2,,INVIAS-OTROS,,,61,1.711378,-75.691338,Muy Bajo,FLORENCIA,CAQUETÁ,18001
5,4G022,ANI,SantaNeiva_Tramo_GarzonPitalito,Sencilla,62,2.15732,-75.683888,Muy Bajo,GARZÓN,HUILA,41298
5,,INVIAS-OTROS,,,80,2.462568,-75.677004,Muy Bajo,TESALIA,HUILA,41797
2,4G022,ANI,SantaNeiva_Tramo_GarzonPitalito,Sencilla,64,2.167654,-75.675717,Muy Bajo,GARZÓN,HUILA,41298
2,3G006,ANI,CordSucre_Tramo_CereteLaYe,Sencilla,14,8.878756,-75.665932,Muy Bajo,CIÉNAGA DE ORO,CÓRDOBA,23189
2,4G004,ANI,Pacifico3_Tramo_UF4,Sencilla,39,5.276528,-75.661812,Muy Bajo,FILADELFIA,CALDAS,17272
4,4G004,ANI,Pacifico3_Tramo_UF31,Sencilla,11,5.167608,-75.658465,Muy Bajo,NEIRA,CALDAS,17486
6,,INVIAS-OTROS,,,84,2.457476,-75.654774,Muy Bajo,TESALIA,HUILA,41797
3,4G016,ANI,,,32,9.411192,-75.653973,Muy Bajo,COVEÑAS,SUCRE,70221
2,4G004,ANI,Pacifico3_Tramo_UF31,Sencilla,35,5.246573,-75.652542,Muy Bajo,NEIRA,CALDAS,17486
2,,INVIAS-OTROS,,,67,1.738844,-75.652199,Muy Bajo,FLORENCIA,CAQUETÁ,18001
3,4G004,ANI,Pacifico3_Tramo_UF31,Sencilla,15,5.19742,-75.643902,Muy Bajo,NEIRA,CALDAS,17486
5,,INVIAS-OTROS,,,84,2.450861,-75.643513,Muy Bajo,TESALIA,HUILA,41797
4,4G004,ANI,Pacifico3_Tramo_UF4,Sencilla,45,5.307212,-75.642414,Muy Bajo,RIOSUCIO,CALDAS,17614
5,4G004,ANI,Pacifico3_Tramo_UF4,Sencilla,47,5.319429,-75.636807,Muy Bajo,RIOSUCIO,CALDAS,17614
3,4G004,ANI,Pacifico3_Tramo_UF4,Sencilla,50,5.335779,-75.635548,Muy Bajo,FILADELFIA,CALDAS,17272
3,1G010,ANI,Armenia_Tramo_5ClubTiroChinch,Doble,10,4.868632,-75.633373,Muy Bajo,SANTA ROSA DE CABAL,RISARALDA,66682
4,,INVIAS-OTROS,,,86,2.441569,-75.630684,Muy Bajo,TESALIA,HUILA,41797
3,4G004,ANI,Pacifico3_Tramo_UF4,Sencilla,51,5.346823,-75.621815,Muy Bajo,RIOSUCIO,CALDAS,17614
3,1G010,ANI,Armenia_Tramo_8VTroncalOcc,Sencilla,24,4.966307,-75.619297,Muy Bajo,CHINCHINÁ,CALDAS,17174
8,,INVIAS-OTROS,,,88,2.436626,-75.614004,Bajo,TESALIA,HUILA,41797
2,4G016,ANI,Antioquia_Tramo_UF6,Sencilla,42,9.472447,-75.603275,Muy Bajo,TOLÚ,SUCRE,70820
7,4G016,ANI,Antioquia_Tramo_UF6,Sencilla,44,9.486045,-75.596458,Bajo,TOLÚ,SUCRE,70820
6,,INVIAS-OTROS,,,92,2.457705,-75.593376,Muy Bajo,TESALIA,HUILA,41797
13,1G010,ANI,Armenia_Tramo_1ChinchinaMnZ,Doble,0,5.016199,-75.592968,Bajo,MANIZALES,CALDAS,17001
8,4G016,ANI,Antioquia_Tramo_UF8,Sencilla,46,9.503031,-75.585995,Bajo,TOLÚ,SUCRE,70820
5,,INVIAS-OTROS,,,94,2.463358,-75.580891,Muy Bajo,TESALIA,HUILA,41797
10,,INVIAS-OTROS,,,96,2.463899,-75.567827,Bajo,TESALIA,HUILA,41797
2,4G022,ANI,SantaNeiva_Tramo_GiganGarzon,Sencilla,24,2.358198,-75.566883,Muy Bajo,GIGANTE,HUILA,41306
6,,INVIAS-OTROS,,,97,2.467003,-75.557614,Muy Bajo,GIGANTE,HUILA,41306
6,4G022,ANI,SantaNeiva_Tramo_CampoGigante,Sencilla,46,2.481337,-75.554066,Muy Bajo,GIGANTE,HUILA,41306
4,4G016,ANI,Antioquia_Tramo_UF8,Sencilla,52,9.508753,-75.546799,Muy Bajo,TOLÚ,SUCRE,70820
5,4G022,ANI,SantaNeiva_Tramo_CampoGigante,Sencilla,50,2.507132,-75.534611,Muy Bajo,GIGANTE,HUILA,41306
12,4G016,ANI,Antioquia_Tramo_UF8,Sencilla,54,9.500052,-75.531092,Bajo,TOLÚ,SUCRE,70820
8,4G016,ANI,Antioquia_Tramo_UF8,Sencilla,56,9.489012,-75.514469,Bajo,TOLÚ,SUCRE,70820
4,4G022,ANI,SantaNeiva_Tramo_CampoGigante,Sencilla,54,2.542949,-75.501738,Muy Bajo,HOBO,HUILA,41349
9,4G016,ANI,Antioquia_Tramo_UF8,Sencilla,60,9.475708,-75.497532,Bajo,TOLUVIEJO,SUCRE,70823
4,4G016,ANI,Antioquia_Tramo_UF8,Sencilla,100,9.712386,-75.494099,Muy Bajo,SAN ONOFRE,SUCRE,70713
2,,INVIAS-OTROS,,,44,8.741427,-75.491867,Muy Bajo,SAHAGÚN,CÓRDOBA,23660
5,4G022,ANI,SantaNeiva_Tramo_CampoGigante,Sencilla,58,2.557855,-75.490408,Muy Bajo,HOBO,HUILA,41349
6,4G016,ANI,Antioquia_Tramo_UF8,Sencilla,62,9.464779,-75.482941,Muy Bajo,TOLUVIEJO,SUCRE,70823
8,3G008,ANI,RutaCa_Tramo_Adicionales,Doble,25,10.299583,-75.480423,Bajo,TURBANA,BOLÍVAR,13838
5,3G008,ANI,RutaCa_Tramo_Adicionales,Doble,23,10.282397,-75.476383,Muy Bajo,CARTAGENA DE INDIAS,BOLÍVAR,13001
2,4G016,ANI,Antioquia_Tramo_UF8,Sencilla,8,9.801521,-75.475903,Muy Bajo,SAN ONOFRE,SUCRE,70713
3,4G005,ANI,CartBarr_Tramo_UF3,Sencilla,8,10.510168,-75.47144,Muy Bajo,CARTAGENA DE INDIAS,BOLÍVAR,13001
2,3G008,ANI,RutaCa_Tramo_Adicionales,Doble,21,10.269814,-75.47041,Muy Bajo,TURBANA,BOLÍVAR,13838
7,4G005,ANI,CartBarr_Tramo_UF3,Sencilla,10,10.524155,-75.465358,Bajo,CARTAGENA DE INDIAS,BOLÍVAR,13001
2,4G016,ANI,Antioquia_Tramo_UF8,Sencilla,64,9.459572,-75.46526,Muy Bajo,TOLUVIEJO,SUCRE,70823
3,3G008,ANI,RutaCa_Tramo_Adicionales,Doble,3,10.361738,-75.464573,Muy Bajo,TURBACO,BOLÍVAR,13836
3,3G006,ANI,CordSucre_Tramo_ObrasAd,Sencilla,60,8.86322,-75.464573,Muy Bajo,SAHAGÚN,CÓRDOBA,23660
2,3G006,ANI,CordSucre_Tramo_ObrasAd,Sencilla,62,8.882618,-75.462341,Muy Bajo,SAHAGÚN,CÓRDOBA,23660
2,4G005,ANI,CartBarr_Tramo_UF3,Sencilla,12,10.536318,-75.460797,Muy Bajo,CARTAGENA DE INDIAS,BOLÍVAR,13001
8,4G022,ANI,SantaNeiva_Tramo_CampoGigante,Sencilla,62,2.572237,-75.460327,Bajo,HOBO,HUILA,41349
18,4G005,ANI,CartBarr_Tramo_UF3,Sencilla,14,10.550637,-75.457206,Medio,CARTAGENA DE INDIAS,BOLÍVAR,13001
3,3G008,ANI,RutaCa_Tramo_Adicionales,Doble,19,10.255938,-75.454846,Muy Bajo,TURBANA,BOLÍVAR,13838
23,4G005,ANI,CartBarr_Tramo_UF3,Sencilla,14,10.564838,-75.45286,Medio,CARTAGENA DE INDIAS,BOLÍVAR,13001
2,3G006,ANI,,,66,9.453907,-75.452042,Muy Bajo,TOLUVIEJO,SUCRE,70823
23,4G005,ANI,CartBarr_Tramo_UF3,Sencilla,16,10.58286,-75.4494,Medio,CARTAGENA DE INDIAS,BOLÍVAR,13001
45,4G005,ANI,CartBarr_Tramo_UF3,Sencilla,20,10.617774,-75.448944,Muy Alto,CARTAGENA DE INDIAS,BOLÍVAR,13001
23,4G005,ANI,CartBarr_Tramo_UF3,Sencilla,18,10.599026,-75.446006,Medio,CARTAGENA DE INDIAS,BOLÍVAR,13001
2,4G016,ANI,Antioquia_Tramo_UF1,Sencilla,34,8.168164,-75.444145,Muy Bajo,BUENAVISTA,CÓRDOBA,23079
20,4G005,ANI,CartBarr_Tramo_UF3,Sencilla,22,10.625698,-75.436343,Medio,CARTAGENA DE INDIAS,BOLÍVAR,13001
4,3G008,ANI,RutaCa_Tramo_Adicionales,Doble,16,10.238013,-75.435047,Muy Bajo,TURBANA,BOLÍVAR,13838
2,4G016,ANI,Antioquia_Tramo_UF1,Sencilla,32,8.157177,-75.429554,Muy Bajo,BUENAVISTA,CÓRDOBA,23079
2,3G008,ANI,RutaCa_Tramo_CartagBayunca,Sencilla,3,10.42285,-75.428868,Muy Bajo,CARTAGENA DE INDIAS,BOLÍVAR,13001
8,4G022,ANI,SantaNeiva_Tramo_CampoGigante,Sencilla,68,2.591229,-75.426893,Bajo,HOBO,HUILA,41349
30,4G005,ANI,CartBarr_Tramo_UF3,Sencilla,24,10.631982,-75.423291,Alto,CARTAGENA DE INDIAS,BOLÍVAR,13001
2,4G016,ANI,Antioquia_Tramo_UF8,Sencilla,18,9.837742,-75.420456,Muy Bajo,SAN ONOFRE,SUCRE,70713
12,3G008,ANI,RutaCa_Tramo_CartagBayunca,Sencilla,4,10.435113,-75.418511,Bajo,CARTAGENA DE INDIAS,BOLÍVAR,13001
2,3G006,ANI,CordSucre_Tramo_ObrasAd,Sencilla,110,9.234267,-75.41565,Muy Bajo,SINCELEJO,SUCRE,70001
14,3G008,ANI,RutaCa_Tramo_CartagBayunca,Sencilla,7,10.453007,-75.412915,Bajo,SANTA ROSA,BOLÍVAR,13683
16,3G008,ANI,RutaCa_Tramo_CartagBayunca,Sencilla,7,10.466408,-75.411723,Medio,SANTA ROSA,BOLÍVAR,13683
14,3G008,ANI,RutaCa_Tramo_CartagBayunca,Sencilla,9,10.478768,-75.41137,Bajo,CARTAGENA DE INDIAS,BOLÍVAR,13001
5,4G022,ANI,SantaNeiva_Tramo_CampoGigante,Sencilla,70,2.602744,-75.410757,Muy Bajo,CAMPOALEGRE,HUILA,41132
2,4G016,ANI,Antioquia_Tramo_UF1,Sencilla,28,8.132458,-75.40947,Muy Bajo,BUENAVISTA,CÓRDOBA,23079
31,4G005,ANI,CartBarr_Tramo_UF3,Sencilla,26,10.640646,-75.407489,Alto,CARTAGENA DE INDIAS,BOLÍVAR,13001
31,3G008,ANI,RutaCa_Tramo_CartagBayunca,Sencilla,11,10.497902,-75.407261,Alto,CARTAGENA DE INDIAS,BOLÍVAR,13001
3,3G008,ANI,RutaCa_Tramo_Adicionales,Doble,12,10.219546,-75.404034,Muy Bajo,TURBANA,BOLÍVAR,13838
18,3G008,ANI,RutaCa_Tramo_CartagBayunca,Sencilla,14,10.516551,-75.401676,Medio,CARTAGENA DE INDIAS,BOLÍVAR,13001
2,3G006,ANI,CordSucre_Tramo_ObrasAd,Sencilla,106,9.204398,-75.399342,Muy Bajo,SAMPUÉS,SUCRE,70670
7,3G008,ANI,RutaCa_Tramo_CartagArjona,Sencilla,88,10.31456,-75.399027,Bajo,TURBACO,BOLÍVAR,13836
7,4G022,ANI,SantaNeiva_Tramo_CampoGigante,Sencilla,72,2.612636,-75.39392,Bajo,CAMPOALEGRE,HUILA,41132
34,4G005,ANI,CartBarr_Tramo_UF3,Sencilla,28,10.654553,-75.391974,Alto,CARTAGENA DE INDIAS,BOLÍVAR,13001
13,3G008,ANI,RutaCa_Tramo_CartagArjona,Sencilla,86,10.298647,-75.388556,Bajo,TURBACO,BOLÍVAR,13836
3,,INVIAS-OTROS,,,11,3.738012,-75.388441,Muy Bajo,CHAPARRAL,TOLIMA,73168
3,3G008,ANI,RutaCa_Tramo_Adicionales,Doble,10,10.209246,-75.386982,Muy Bajo,ARJONA,BOLÍVAR,13052
6,4G016,ANI,Antioquia_Tramo_UF8,Sencilla,26,9.894219,-75.382176,Muy Bajo,MARÍA LA BAJA,BOLÍVAR,13442
7,4G022,ANI,SantaNeiva_Tramo_CampoGigante,Sencilla,74,2.623261,-75.379549,Bajo,CAMPOALEGRE,HUILA,41132
12,3G008,ANI,RutaCa_Tramo_CartagArjona,Sencilla,84,10.289197,-75.379515,Bajo,ARJONA,BOLÍVAR,13052
17,4G005,ANI,CartBarr_Tramo_UF3,Sencilla,30,10.654583,-75.379247,Medio,CARTAGENA DE INDIAS,BOLÍVAR,13001
11,3G008,ANI,RutaCa_Tramo_CartagArjona,Sencilla,84,10.278887,-75.370195,Bajo,ARJONA,BOLÍVAR,13052
4,3G008,ANI,RutaCa_Tramo_Adicionales,Doble,8,10.198803,-75.369587,Muy Bajo,ARJONA,BOLÍVAR,13052
33,4G005,ANI,CartBarr_Tramo_UF3,Sencilla,32,10.657695,-75.365694,Alto,CARTAGENA DE INDIAS,BOLÍVAR,13001
2,4G022,ANI,SantaNeiva_Tramo_CampoGigante,Sencilla,76,2.621012,-75.365524,Muy Bajo,CAMPOALEGRE,HUILA,41132
2,,INVIAS-OTROS,,,17,3.757239,-75.361233,Muy Bajo,CHAPARRAL,TOLIMA,73168
9,3G008,ANI,RutaCa_Tramo_CartagArjona,Sencilla,82,10.270434,-75.357914,Bajo,ARJONA,BOLÍVAR,13052
5,,INVIAS-OTROS,,,19,3.77128,-75.356632,Muy Bajo,CHAPARRAL,TOLIMA,73168
6,3G008,ANI,RutaCa_Tramo_Adicionales,Doble,6,10.194798,-75.354252,Muy Bajo,ARJONA,BOLÍVAR,13052
6,4G022,ANI,SantaNeiva_Tramo_CampoGigante,Sencilla,78,2.619913,-75.350865,Muy Bajo,CAMPOALEGRE,HUILA,41132
42,4G005,ANI,CartBarr_Tramo_UF3,Sencilla,34,10.661194,-75.347091,Alto,CARTAGENA DE INDIAS,BOLÍVAR,13001
7,3G006,ANI,CordSucre_Tramo_ObrasAd,Sencilla,2,9.305377,-75.346771,Bajo,COROZAL,SUCRE,70215
3,4G022,ANI,SantaNeiva_Tramo_CampoGigante,Sencilla,80,2.636748,-75.344181,Muy Bajo,CAMPOALEGRE,HUILA,41132
13,3G008,ANI,RutaCa_Tramo_CartagArjona,Sencilla,78,10.240545,-75.342958,Bajo,ARJONA,BOLÍVAR,13052
5,3G008,ANI,RutaCa_Tramo_Adicionales,Doble,4,10.19406,-75.340153,Muy Bajo,ARJONA,BOLÍVAR,13052
5,,INVIAS-OTROS,,,21,3.786185,-75.338016,Muy Bajo,CHAPARRAL,TOLIMA,73168
6,4G022,ANI,SantaNeiva_Tramo_CampoGigante,Sencilla,84,2.659693,-75.337487,Muy Bajo,CAMPOALEGRE,HUILA,41132
9,3G008,ANI,RutaCa_Tramo_CartagArjona,Sencilla,76,10.228315,-75.336376,Bajo,ARJONA,BOLÍVAR,13052
29,4G005,ANI,CartBarr_Tramo_UF3,Sencilla,36,10.672158,-75.333986,Alto,CARTAGENA DE INDIAS,BOLÍVAR,13001
5,4G022,ANI,SantaNeiva_Tramo_CampoGigante,Sencilla,84,2.673506,-75.332806,Muy Bajo,CAMPOALEGRE,HUILA,41132
10,3G008,ANI,RutaCa_Tramo_ArjonaCruzViso,Sencilla,74,10.215929,-75.328377,Bajo,ARJONA,BOLÍVAR,13052
3,3G008,ANI,RutaCa_Tramo_Adicionales,Doble,2,10.194883,-75.325756,Muy Bajo,ARJONA,BOLÍVAR,13052
25,4G005,ANI,CartBarr_Tramo_UF3,Sencilla,36,10.67592,-75.323713,Medio,CARTAGENA DE INDIAS,BOLÍVAR,13001
2,,INVIAS-OTROS,,,25,3.805046,-75.323467,Muy Bajo,CHAPARRAL,TOLIMA,73168
5,4G016,ANI,Antioquia_Tramo_UF8,Sencilla,34,9.926319,-75.322924,Muy Bajo,MARÍA LA BAJA,BOLÍVAR,13442
2,,INVIAS-OTROS,,,29,3.823929,-75.320721,Muy Bajo,ORTEGA,TOLIMA,73504
12,3G008,ANI,RutaCa_Tramo_ArjonaCruzViso,Sencilla,72,10.205602,-75.319262,Bajo,ARJONA,BOLÍVAR,13052
3,3G008,ANI,RutaCa_Tramo_BayuncaSabanaL,Sencilla,27,10.581608,-75.312424,Muy Bajo,CLEMENCIA,BOLÍVAR,13222
2,4G016,ANI,Antioquia_Tramo_UF8,Sencilla,34,9.935589,-75.311966,Muy Bajo,MARÍA LA BAJA,BOLÍVAR,13442
7,3G008,ANI,RutaCa_Tramo_Adicionales,Doble,0,10.192065,-75.309963,Bajo,ARJONA,BOLÍVAR,13052
24,4G005,ANI,CartBarr_Tramo_UF3,Sencilla,38,10.683975,-75.309878,Medio,CARTAGENA DE INDIAS,BOLÍVAR,13001
4,4G022,ANI,SantaNeiva_Tramo_NeivaCampo,Doble,96,2.754221,-75.308705,Muy Bajo,RIVERA,HUILA,41615
4,4G017,ANI,NeivaIP_Tramo_UF2NeiAipe,Doble,9,3.023072,-75.307446,Muy Bajo,NEIVA,HUILA,41001
4,4G017,ANI,NeivaIP_Tramo_UF2NeiAipe,Doble,13,3.05337,-75.306587,Muy Bajo,NEIVA,HUILA,41001
2,4G017,ANI,NeivaIP_Tramo_UF2NeiAipe,Doble,7,3.005534,-75.306473,Muy Bajo,NEIVA,HUILA,41001
4,4G017,ANI,NeivaIP_Tramo_UF2NeiAipe,Doble,11,3.038192,-75.305872,Muy Bajo,NEIVA,HUILA,41001
9,,INVIAS-OTROS,,,31,3.83544,-75.305729,Bajo,ORTEGA,TOLIMA,73504
3,4G017,ANI,NeivaIP_Tramo_UF2NeiAipe,Doble,5,2.9914,-75.3055,Muy Bajo,NEIVA,HUILA,41001
3,4G022,ANI,SantaNeiva_Tramo_NeivaCampo,Doble,98,2.773104,-75.304585,Muy Bajo,RIVERA,HUILA,41615
6,4G017,ANI,NeivaIP_Tramo_UF2NeiAipe,Doble,15,3.07025,-75.298705,Muy Bajo,AIPE,HUILA,41016
19,4G005,ANI,CartBarr_Tramo_UF3,Sencilla,40,10.691989,-75.29714,Medio,CARTAGENA DE INDIAS,BOLÍVAR,13001
2,3G008,ANI,RutaCa_Tramo_BayuncaSabanaL,Sencilla,29,10.593224,-75.296345,Muy Bajo,SANTA CATALINA,BOLÍVAR,13673
3,3G008,ANI,RutaCa_Tramo_ArjonaCruzViso,Sencilla,68,10.175715,-75.294171,Muy Bajo,ARJONA,BOLÍVAR,13052
3,4G017,ANI,NeivaIP_Tramo_UF2NeiAipe,Doble,17,3.090048,-75.291996,Muy Bajo,AIPE,HUILA,41016
3,4G022,ANI,SantaNeiva_Tramo_NeivaCampo,Doble,104,2.834087,-75.291023,Muy Bajo,RIVERA,HUILA,41615
4,3G008,ANI,RutaCa_Tramo_ArjonaCruzViso,Sencilla,66,10.153771,-75.289307,Muy Bajo,ARJONA,BOLÍVAR,13052
5,,INVIAS-OTROS,,,35,3.852232,-75.289135,Muy Bajo,ORTEGA,TOLIMA,73504
7,4G017,ANI,NeivaIP_Tramo_UF2NeiAipe,Doble,19,3.107407,-75.287361,Bajo,AIPE,HUILA,41016
45,4G005,ANI,CartBarr_Tramo_UF3,Sencilla,42,10.70012,-75.284792,Muy Alto,SANTA CATALINA,BOLÍVAR,13673
7,4G017,ANI,NeivaIP_Tramo_UF2NeiAipe,Doble,21,3.129031,-75.281631,Bajo,AIPE,HUILA,41016
4,4G017,ANI,NeivaIP_Tramo_UF2NeiAipe,Doble,23,3.145309,-75.280295,Muy Bajo,AIPE,HUILA,41016
2,3G008,ANI,RutaCa_Tramo_BayuncaSabanaL,Sencilla,33,10.613394,-75.27935,Muy Bajo,SANTA CATALINA,BOLÍVAR,13673
8,4G017,ANI,NeivaIP_Tramo_UF2NeiAipe,Doble,25,3.165629,-75.277291,Bajo,AIPE,HUILA,41016
2,3G006,ANI,CordSucre_Tramo_ObrasAd,Sencilla,15,9.364987,-75.276089,Muy Bajo,MORROA,SUCRE,70473
40,4G005,ANI,CartBarr_Tramo_UF3,Sencilla,44,10.713899,-75.273512,Alto,SANTA CATALINA,BOLÍVAR,13673
4,4G017,ANI,NeivaIP_Tramo_UF2NeiAipe,Doble,27,3.187366,-75.269222,Muy Bajo,AIPE,HUILA,41016
18,4G005,ANI,CartBarr_Tramo_UF3,Sencilla,46,10.725961,-75.267554,Medio,SANTA CATALINA,BOLÍVAR,13673
2,4G016,ANI,Antioquia_Tramo_UF8,Sencilla,44,10.002623,-75.263901,Muy Bajo,MARÍA LA BAJA,BOLÍVAR,13442
4,3G008,ANI,RutaCa_Tramo_BayuncaSabanaL,Sencilla,34,10.619659,-75.261841,Muy Bajo,SANTA CATALINA,BOLÍVAR,13673
7,4G017,ANI,NeivaIP_Tramo_UF2NeiAipe,Doble,29,3.203638,-75.260453,Bajo,AIPE,HUILA,41016
3,4G016,ANI,Antioquia_Tramo_UF8,Sencilla,46,10.025239,-75.260296,Muy Bajo,MARÍA LA BAJA,BOLÍVAR,13442
11,4G005,ANI,CartBarr_Tramo_UF3,Sencilla,48,10.739409,-75.259422,Bajo,SANTA CATALINA,BOLÍVAR,13673
4,,INVIAS-OTROS,,,39,3.87959,-75.259094,Muy Bajo,ORTEGA,TOLIMA,73504
3,4G016,ANI,Antioquia_Tramo_UF8,Sencilla,50,10.046139,-75.257464,Muy Bajo,MARÍA LA BAJA,BOLÍVAR,13442
21,4G005,ANI,CartBarr_Tramo_UF3,Sencilla,48,10.747181,-75.251335,Medio,SANTA CATALINA,BOLÍVAR,13673
5,4G017,ANI,NeivaIP_Tramo_UF3AipeSald,Sencilla,38,3.269563,-75.250197,Muy Bajo,AIPE,HUILA,41016
5,,INVIAS-OTROS,Antioquia_Tramo_UF8,Sencilla,54,10.083919,-75.24642,Muy Bajo,MAHATES,BOLÍVAR,13433
2,3G006,ANI,CordSucre_Tramo_ObrasAd,Sencilla,24,9.421807,-75.245705,Muy Bajo,LOS PALMITOS,SUCRE,70418
3,4G017,ANI,NeivaIP_Tramo_UF3AipeSald,Sencilla,42,3.291407,-75.24519,Muy Bajo,AIPE,HUILA,41016
5,,INVIAS-OTROS,Antioquia_Tramo_UF8,Sencilla,56,10.101362,-75.24519,Muy Bajo,MAHATES,BOLÍVAR,13433
9,4G017,ANI,NeivaIP_Tramo_UF3AipeSald,Sencilla,34,3.237637,-75.244229,Bajo,AIPE,HUILA,41016
5,,INVIAS-OTROS,,,41,3.891149,-75.243759,Muy Bajo,ORTEGA,TOLIMA,73504
30,4G005,ANI,CartBarr_Tramo_UF3,Sencilla,50,10.760132,-75.241822,Alto,SANTA CATALINA,BOLÍVAR,13673
3,4G017,ANI,NeivaIP_Tramo_UF3AipeSald,Sencilla,44,3.309546,-75.240841,Muy Bajo,AIPE,HUILA,41016
7,,INVIAS-OTROS,,,43,3.905039,-75.23489,Bajo,ORTEGA,TOLIMA,73504
5,4G018,ANI,,,24,10.13415,-75.234547,Muy Bajo,MAHATES,BOLÍVAR,13433
2,4G018,ANI,PHierro_Tramo_UF1PHierroCarr,Sencilla,0,9.44026,-75.231972,Muy Bajo,LOS PALMITOS,SUCRE,70418
3,4G017,ANI,NeivaIP_Tramo_UF3AipeSald,Sencilla,44,3.321791,-75.231686,Muy Bajo,AIPE,HUILA,41016
5,3G008,ANI,RutaCa_Tramo_BayuncaSabanaL,Sencilla,38,10.62448,-75.231485,Muy Bajo,SANTA CATALINA,BOLÍVAR,13673
23,4G005,ANI,,,52,10.767813,-75.228803,Medio,SANTA CATALINA,BOLÍVAR,13673
5,,INVIAS-OTROS,,,45,3.919802,-75.226221,Muy Bajo,ORTEGA,TOLIMA,73504
7,4G017,ANI,NeivaIP_Tramo_UF3AipeSald,Sencilla,48,3.348807,-75.220863,Bajo,AIPE,HUILA,41016
2,4G018,ANI,PHierro_Tramo_UF2CarreCruzdelV,Sencilla,22,10.138579,-75.215836,Muy Bajo,MAHATES,BOLÍVAR,13433
2,4G018,ANI,PHierro_Tramo_UF1PHierroCarr,Sencilla,42,9.552698,-75.213604,Muy Bajo,OVEJAS,SUCRE,70508
2,,INVIAS-OTROS,,,1,3.921604,-75.213432,Muy Bajo,ORTEGA,TOLIMA,73504
33,4G005,ANI,,,54,10.773333,-75.208624,Alto,PIOJÓ,ATLÁNTICO,8549
2,4G017,ANI,NeivaIP_Tramo_UF3AipeSald,Sencilla,53,3.382159,-75.204163,Muy Bajo,AIPE,HUILA,41016
2,4G017,ANI,NeivaIP_Tramo_UF3AipeSald,Sencilla,56,3.401041,-75.203304,Muy Bajo,AIPE,HUILA,41016
7,4G018,ANI,PHierro_Tramo_UF2CarreCruzdelV,Sencilla,20,10.137584,-75.199199,Bajo,MAHATES,BOLÍVAR,13433
2,,INVIAS-OTROS,,,3,3.914738,-75.197811,Muy Bajo,ORTEGA,TOLIMA,73504
30,4G005,ANI,CartBarr_Tramo_UF3,Sencilla,56,10.782528,-75.192082,Alto,PIOJÓ,ATLÁNTICO,8549
14,4G005,ANI,CartBarr_Tramo_UF3,Sencilla,58,10.792658,-75.186065,Bajo,PIOJÓ,ATLÁNTICO,8549
3,4G018,ANI,PHierro_Tramo_UF2CarreCruzdelV,Sencilla,18,10.135374,-75.184193,Muy Bajo,MAHATES,BOLÍVAR,13433
6,4G017,ANI,NeivaIP_Tramo_UF3AipeSald,Sencilla,60,3.427842,-75.18322,Muy Bajo,NATAGAIMA,TOLIMA,73483
31,4G005,ANI,CartBarr_Tramo_UF3,Sencilla,58,10.801707,-75.180166,Alto,PIOJÓ,ATLÁNTICO,8549
5,4G017,ANI,NeivaIP_Tramo_UF3AipeSald,Sencilla,60,3.439871,-75.173779,Muy Bajo,NATAGAIMA,TOLIMA,73483
7,4G018,ANI,PHierro_Tramo_UF2CarreCruzdelV,Sencilla,17,10.132442,-75.17149,Bajo,MAHATES,BOLÍVAR,13433
21,4G005,ANI,CartBarr_Tramo_UF3,Sencilla,60,10.808336,-75.171457,Medio,JUAN DE ACOSTA,ATLÁNTICO,8372
7,,INVIAS-OTROS,,,10,3.935998,-75.166037,Bajo,ORTEGA,TOLIMA,73504
6,4G017,ANI,NeivaIP_Tramo_UF3AipeSald,Sencilla,62,3.45254,-75.163994,Muy Bajo,NATAGAIMA,TOLIMA,73483
34,4G005,ANI,CartBarr_Tramo_UF3,Sencilla,62,10.821104,-75.161235,Alto,JUAN DE ACOSTA,ATLÁNTICO,8372
10,4G018,ANI,PHierro_Tramo_UF2CarreCruzdelV,Sencilla,14,10.110945,-75.161223,Bajo,MAHATES,BOLÍVAR,13433
6,4G017,ANI,NeivaIP_Tramo_UF3AipeSald,Sencilla,64,3.466702,-75.152493,Muy Bajo,NATAGAIMA,TOLIMA,73483
6,4G018,ANI,PHierro_Tramo_UF2CarreCruzdelV,Sencilla,12,10.095635,-75.152435,Muy Bajo,MAHATES,BOLÍVAR,13433
4,4G017,ANI,NeivaIP_Tramo_UF3AipeSald,Sencilla,66,3.480177,-75.151463,Muy Bajo,NATAGAIMA,TOLIMA,73483
5,,INVIAS-OTROS,,,12,3.94665,-75.148853,Muy Bajo,ORTEGA,TOLIMA,73504
24,4G005,ANI,CartBarr_Tramo_UF3,Sencilla,64,10.829066,-75.147301,Medio,JUAN DE ACOSTA,ATLÁNTICO,8372
2,4G018,ANI,PHierro_Tramo_UF1PHierroCarr,Sencilla,56,9.645138,-75.143223,Muy Bajo,EL CARMEN DE BOLÍVAR,BOLÍVAR,13244
5,4G017,ANI,NeivaIP_Tramo_UF3AipeSald,Sencilla,70,3.500934,-75.139361,Muy Bajo,NATAGAIMA,TOLIMA,73483
19,4G005,ANI,CartBarr_Tramo_UF3,Sencilla,66,10.841508,-75.138559,Medio,JUAN DE ACOSTA,ATLÁNTICO,8372
5,,INVIAS-OTROS,,,14,3.958619,-75.137816,Muy Bajo,ORTEGA,TOLIMA,73504
4,4G018,ANI,PHierro_Tramo_UF1PHierroCarr,Sencilla,58,9.656782,-75.135727,Muy Bajo,EL CARMEN DE BOLÍVAR,BOLÍVAR,13244
7,4G017,ANI,NeivaIP_Tramo_UF3AipeSald,Sencilla,72,3.520861,-75.128852,Bajo,NATAGAIMA,TOLIMA,73483
31,4G005,ANI,CartBarr_Tramo_UF3,Sencilla,68,10.852084,-75.127822,Alto,JUAN DE ACOSTA,ATLÁNTICO,8372
5,4G017,ANI,NeivaIP_Tramo_UF3AipeSald,Sencilla,78,3.57775,-75.126125,Muy Bajo,NATAGAIMA,TOLIMA,73483
4,4G017,ANI,NeivaIP_Tramo_UF3AipeSald,Sencilla,76,3.559785,-75.125799,Muy Bajo,NATAGAIMA,TOLIMA,73483
7,4G017,ANI,NeivaIP_Tramo_UF3AipeSald,Sencilla,74,3.54553,-75.125671,Bajo,NATAGAIMA,TOLIMA,73483
11,,INVIAS-OTROS,,,16,3.968909,-75.124603,Bajo,ORTEGA,TOLIMA,73504
2,4G018,ANI,PHierro_Tramo_UF2CarreCruzdelV,Sencilla,74,9.784699,-75.123482,Muy Bajo,SAN JACINTO,BOLÍVAR,13654
8,4G018,ANI,PHierro_Tramo_UF2CarreCruzdelV,Sencilla,7,10.073605,-75.123379,Bajo,SAN JUAN NEPOMUCENO,BOLÍVAR,13657
2,4G018,ANI,PHierro_Tramo_UF1PHierroCarr,Sencilla,62,9.688225,-75.120735,Muy Bajo,EL CARMEN DE BOLÍVAR,BOLÍVAR,13244
4,4G017,ANI,NeivaIP_Tramo_UF3AipeSald,Sencilla,80,3.588925,-75.117216,Muy Bajo,NATAGAIMA,TOLIMA,73483
30,4G005,ANI,CartBarr_Tramo_UF3,Sencilla,70,10.859893,-75.115586,Alto,JUAN DE ACOSTA,ATLÁNTICO,8372
2,4G018,ANI,PHierro_Tramo_UF2CarreCruzdelV,Sencilla,84,9.865122,-75.113697,Muy Bajo,SAN JACINTO,BOLÍVAR,13654
6,4G018,ANI,PHierro_Tramo_UF2CarreCruzdelV,Sencilla,86,9.879971,-75.112496,Muy Bajo,SAN JACINTO,BOLÍVAR,13654
7,4G017,ANI,NeivaIP_Tramo_UF3AipeSald,Sencilla,82,3.598867,-75.109749,Bajo,NATAGAIMA,TOLIMA,73483
8,,INVIAS-OTROS,,,18,3.968876,-75.10726,Bajo,ORTEGA,TOLIMA,73504
6,4G015,ANI,Cambao_Tramo_1IbagueArmero,Sencilla,5,4.4454,-75.107231,Muy Bajo,IBAGUÉ,TOLIMA,73001
11,4G005,ANI,CartBarr_Tramo_UF3,Sencilla,70,10.862662,-75.103897,Bajo,JUAN DE ACOSTA,ATLÁNTICO,8372
2,4G018,ANI,PHierro_Tramo_UF2CarreCruzdelV,Sencilla,90,9.912415,-75.103226,Muy Bajo,SAN JUAN NEPOMUCENO,BOLÍVAR,13657
4,4G017,ANI,NeivaEsp_Tramo_2AipeNatag,Sencilla,82,3.610854,-75.102711,Muy Bajo,NATAGAIMA,TOLIMA,73483
8,4G018,ANI,PHierro_Tramo_UF2CarreCruzdelV,Sencilla,92,9.926417,-75.09977,Bajo,SAN JUAN NEPOMUCENO,BOLÍVAR,13657
7,4G017,ANI,NeivaEsp_Tramo_2AipeNatag,Sencilla,84,3.627091,-75.099163,Bajo,NATAGAIMA,TOLIMA,73483
3,4G018,ANI,PHierro_Tramo_UF2CarreCruzdelV,Sencilla,3,10.067568,-75.099049,Muy Bajo,SAN JUAN NEPOMUCENO,BOLÍVAR,13657
14,4G005,ANI,CartBarr_Tramo_UF3,Sencilla,72,10.867805,-75.092231,Bajo,JUAN DE ACOSTA,ATLÁNTICO,8372
5,4G015,ANI,Cambao_Tramo_1IbagueArmero,Sencilla,6,4.448977,-75.091639,Muy Bajo,IBAGUÉ,TOLIMA,73001
4,4G017,ANI,NeivaIP_Tramo_UF3AipeSald,Sencilla,88,3.657589,-75.08852,Muy Bajo,NATAGAIMA,TOLIMA,73483
6,,INVIAS-OTROS,,,21,3.97542,-75.087004,Muy Bajo,SAN LUIS,TOLIMA,73678
7,4G017,ANI,NeivaIP_Tramo_UF3AipeSald,Sencilla,92,3.682283,-75.085081,Bajo,COYAIMA,TOLIMA,73217
4,4G017,ANI,NeivaIP_Tramo_UF3AipeSald,Sencilla,95,3.71059,-75.081167,Muy Bajo,COYAIMA,TOLIMA,73217
8,4G018,ANI,PHierro_Tramo_UF2CarreCruzdelV,Sencilla,104,10.036841,-75.080824,Bajo,SAN JUAN NEPOMUCENO,BOLÍVAR,13657
10,4G018,ANI,PHierro_Tramo_UF2CarreCruzdelV,Sencilla,102,10.021033,-75.080052,Bajo,SAN JUAN NEPOMUCENO,BOLÍVAR,13657
9,4G018,ANI,PHierro_Tramo_UF2CarreCruzdelV,Sencilla,98,9.978547,-75.079022,Bajo,SAN JUAN NEPOMUCENO,BOLÍVAR,13657
20,4G018,ANI,PHierro_Tramo_UF2CarreCruzdelV,Sencilla,106,10.055295,-75.078632,Medio,SAN JUAN NEPOMUCENO,BOLÍVAR,13657
9,3G008,ANI,RutaCa_Tramo_BayuncaSabanaL,Sencilla,60,10.646645,-75.078094,Bajo,LURUACO,ATLÁNTICO,8421
11,4G005,ANI,CartBarr_Tramo_UF3,Sencilla,74,10.877409,-75.07796,Bajo,JUAN DE ACOSTA,ATLÁNTICO,8372
11,4G018,ANI,PHierro_Tramo_UF2CarreCruzdelV,Sencilla,100,10.003077,-75.077697,Bajo,SAN JUAN NEPOMUCENO,BOLÍVAR,13657
2,4G017,ANI,NeivaIP_Tramo_UF3AipeSald,Sencilla,99,3.755522,-75.074902,Muy Bajo,COYAIMA,TOLIMA,73217
11,4G015,ANI,Cambao_Tramo_1IbagueArmero,Sencilla,8,4.450223,-75.07321,Bajo,IBAGUÉ,TOLIMA,73001
11,4G018,ANI,PHierro_Tramo_UF3CarrePalmardeV,Sencilla,0,10.072713,-75.072851,Bajo,SAN JUAN NEPOMUCENO,BOLÍVAR,13657
5,4G017,ANI,NeivaIP_Tramo_UF3AipeSald,Sencilla,102,3.77001,-75.072636,Muy Bajo,COYAIMA,TOLIMA,73217
2,4G017,ANI,NeivaIP_Tramo_UF3AipeSald,Sencilla,104,3.800497,-75.06855,Muy Bajo,COYAIMA,TOLIMA,73217
5,,INVIAS-OTROS,,,23,3.984175,-75.06835,Muy Bajo,SAN LUIS,TOLIMA,73678
7,4G018,ANI,PHierro_Tramo_UF3CarrePalmardeV,Sencilla,111,10.082666,-75.066515,Bajo,SAN JUAN NEPOMUCENO,BOLÍVAR,13657
16,4G005,ANI,CartBarr_Tramo_UF3,Sencilla,76,10.886107,-75.064276,Medio,TUBARÁ,ATLÁNTICO,8832
6,3G008,ANI,RutaCa_Tramo_BayuncaSabanaL,Sencilla,62,10.651932,-75.062714,Muy Bajo,LURUACO,ATLÁNTICO,8421
18,4G018,ANI,PHierro_Tramo_UF3CarrePalmardeV,Sencilla,112,10.094146,-75.062553,Medio,SAN JUAN NEPOMUCENO,BOLÍVAR,13657
3,4G017,ANI,NeivaIP_Tramo_UF3AipeSald,Sencilla,2,3.83852,-75.059967,Muy Bajo,SALDAÑA,TOLIMA,73671
13,4G015,ANI,Cambao_Tramo_1IbagueArmero,Sencilla,11,4.452097,-75.054487,Bajo,IBAGUÉ,TOLIMA,73001
20,4G018,ANI,PHierro_Tramo_UF3CarrePalmardeV,Sencilla,114,10.110192,-75.054223,Medio,SAN JUAN NEPOMUCENO,BOLÍVAR,13657
3,4G017,ANI,NeivaIP_Tramo_UF3AipeSald,Sencilla,4,3.854342,-75.05373,Muy Bajo,SALDAÑA,TOLIMA,73671
8,,INVIAS-OTROS,,,26,3.992858,-75.050812,Bajo,SALDAÑA,TOLIMA,73671
3,4G017,ANI,NeivaIP_Tramo_UF3AipeSald,Sencilla,6,3.86859,-75.048237,Muy Bajo,SALDAÑA,TOLIMA,73671
15,4G018,ANI,PHierro_Tramo_UF3CarrePalmardeV,Sencilla,116,10.127326,-75.045668,Medio,CALAMAR,BOLÍVAR,13140
22,4G015,ANI,Cambao_Tramo_1IbagueArmero,Sencilla,11,4.457965,-75.042702,Medio,ALVARADO,TOLIMA,73026
15,4G005,ANI,CartBarr_Tramo_UF3,Sencilla,78,10.89463,-75.041494,Medio,TUBARÁ,ATLÁNTICO,8832
7,4G017,ANI,NeivaIP_Tramo_UF3AipeSald,Sencilla,8,3.887544,-75.040927,Bajo,SALDAÑA,TOLIMA,73671
15,4G018,ANI,PHierro_Tramo_UF3CarrePalmardeV,Sencilla,118,10.142335,-75.036648,Medio,CALAMAR,BOLÍVAR,13140
4,4G017,ANI,NeivaIP_Tramo_UF3AipeSald,Sencilla,9,3.902636,-75.035076,Muy Bajo,SALDAÑA,TOLIMA,73671
10,,INVIAS-OTROS,,,28,4.0025,-75.033889,Bajo,SALDAÑA,TOLIMA,73671
4,4G017,ANI,NeivaIP_Tramo_UF3AipeSald,Sencilla,11,3.915124,-75.030184,Muy Bajo,SALDAÑA,TOLIMA,73671
2,3G008,ANI,RutaCa_Tramo_BayuncaSabanaL,Sencilla,66,10.654678,-75.028381,Muy Bajo,SABANALARGA,ATLÁNTICO,8638
23,4G005,ANI,CartBarr_Tramo_UF3,Sencilla,80,10.91001,-75.028374,Medio,TUBARÁ,ATLÁNTICO,8832
22,4G015,ANI,Cambao_Tramo_1IbagueArmero,Sencilla,13,4.468108,-75.02748,Medio,ALVARADO,TOLIMA,73026
9,4G018,ANI,PHierro_Tramo_UF3CarrePalmardeV,Sencilla,120,10.160284,-75.026989,Bajo,CALAMAR,BOLÍVAR,13140
7,4G005,ANI,CartBarr_Tramo_UF3,Sencilla,82,10.922188,-75.021343,Bajo,TUBARÁ,ATLÁNTICO,8832
26,4G005,ANI,,,84,10.938463,-75.020135,Medio,TUBARÁ,ATLÁNTICO,8832
23,4G018,ANI,PHierro_Tramo_UF3CarrePalmardeV,Sencilla,122,10.173086,-75.017125,Medio,CALAMAR,BOLÍVAR,13140
16,4G015,ANI,Cambao_Tramo_1IbagueArmero,Sencilla,15,4.478699,-75.016344,Medio,ALVARADO,TOLIMA,73026
11,,INVIAS-OTROS,,,30,4.010359,-75.014581,Bajo,GUAMO,TOLIMA,73319
18,4G005,ANI,CartBarr_Tramo_UF3,Sencilla,86,10.944529,-75.007115,Medio,TUBARÁ,ATLÁNTICO,8832
3,4G017,ANI,NeivaIP_Tramo_UF4SaldEsp,Doble,16,3.95339,-75.005665,Muy Bajo,SALDAÑA,TOLIMA,73671
18,4G015,ANI,Cambao_Tramo_1IbagueArmero,Sencilla,17,4.49446,-75.005579,Medio,ALVARADO,TOLIMA,73026
11,4G018,ANI,PHierro_Tramo_UF3CarrePalmardeV,Sencilla,124,10.184265,-75.003252,Bajo,CALAMAR,BOLÍVAR,13140
63,4G005,ANI,CartBarr_Tramo_UF3,Sencilla,88,10.958506,-75.001719,Muy Alto,TUBARÁ,ATLÁNTICO,8832
2,3G009,ANI,Gica_Tramo_1VChicoral,Doble,18,4.26733,-75.000229,Muy Bajo,COELLO,TOLIMA,73200
4,3G008,ANI,RutaCa_Tramo_BayuncaSabanaL,Sencilla,68,10.655365,-75.000229,Muy Bajo,SABANALARGA,ATLÁNTICO,8638
5,,INVIAS-OTROS,,,32,4.017821,-74.999714,Muy Bajo,GUAMO,TOLIMA,73319
7,4G017,ANI,NeivaIP_Tramo_UF4SaldEsp,Doble,19,3.971034,-74.996933,Bajo,GUAMO,TOLIMA,73319
48,4G005,ANI,CartBarr_Tramo_UF3,Sencilla,90,10.967224,-74.994164,Muy Alto,TUBARÁ,ATLÁNTICO,8832
4,3G009,ANI,Gica_Tramo_1VChicoral,Doble,19,4.250508,-74.99053,Muy Bajo,COELLO,TOLIMA,73200
3,,INVIAS-OTROS,,,33,4.023657,-74.988156,Muy Bajo,GUAMO,TOLIMA,73319
2,3G008,ANI,RutaCa_Tramo_BayuncaSabanaL,Sencilla,70,10.651245,-74.986496,Muy Bajo,SABANALARGA,ATLÁNTICO,8638
3,4G017,ANI,NeivaIP_Tramo_UF4SaldEsp,Doble,21,3.991671,-74.98621,Muy Bajo,GUAMO,TOLIMA,73319
4,3G009,ANI,Gica_Tramo_1VChicoral,Doble,21,4.230938,-74.98375,Muy Bajo,ESPINAL,TOLIMA,73268
12,4G018,ANI,PHierro_Tramo_UF3CarrePalmardeV,Sencilla,126,10.187845,-74.981539,Bajo,CALAMAR,BOLÍVAR,13140
18,4G015,ANI,Cambao_Tramo_1IbagueArmero,Sencilla,21,4.520748,-74.981456,Medio,ALVARADO,TOLIMA,73026
54,4G005,ANI,CartBarr_Tramo_UF3,Sencilla,91,10.96745,-74.979386,Muy Alto,TUBARÁ,ATLÁNTICO,8832
2,3G009,ANI,Gica_Tramo_4IGualaCVEsp,Sencilla,26,4.200382,-74.968987,Muy Bajo,ESPINAL,TOLIMA,73268
19,4G015,ANI,Cambao_Tramo_1IbagueArmero,Sencilla,25,4.540222,-74.967056,Medio,ALVARADO,TOLIMA,73026
53,4G005,ANI,CartBarr_Tramo_UF3,Sencilla,92,10.966509,-74.965047,Muy Alto,TUBARÁ,ATLÁNTICO,8832
5,4G018,ANI,PHierro_Tramo_UF3CarrePalmardeV,Sencilla,128,10.19478,-74.964489,Muy Bajo,CALAMAR,BOLÍVAR,13140
4,4G017,ANI,NeivaIP_Tramo_UF4SaldEsp,Doble,sd,4.01752,-74.961691,Muy Bajo,GUAMO,TOLIMA,73319
4,4G017,ANI,NeivaIP_Tramo_UF4SaldEsp,Doble,27,4.033985,-74.957428,Muy Bajo,GUAMO,TOLIMA,73319
2,4G015,ANI,Cambao_Tramo_1IbagueArmero,Sencilla,27,4.558296,-74.95697,Muy Bajo,ALVARADO,TOLIMA,73026
7,3G009,ANI,Gica_Tramo_4IGualaCVEsp,Sencilla,27,4.189947,-74.955883,Bajo,ESPINAL,TOLIMA,73268
11,4G018,ANI,PHierro_Tramo_UF3CarrePalmardeV,Sencilla,130,10.203278,-74.951889,Bajo,CALAMAR,BOLÍVAR,13140
74,4G005,ANI,CartBarr_Tramo_UF3,Sencilla,94,10.971256,-74.948717,Muy Alto,PUERTO COLOMBIA,ATLÁNTICO,8573
9,4G015,ANI,Cambao_Tramo_1IbagueArmero,Sencilla,29,4.580196,-74.946319,Bajo,ALVARADO,TOLIMA,73026
4,4G017,ANI,NeivaIP_Tramo_UF4SaldEsp,Doble,31,4.064212,-74.945727,Muy Bajo,GUAMO,TOLIMA,73319
41,4G005,ANI,CartBarr_Tramo_UF3,Sencilla,96,10.984007,-74.94366,Alto,PUERTO COLOMBIA,ATLÁNTICO,8573
7,3G009,ANI,Gica_Tramo_4IGualaCVEsp,Sencilla,29,4.180629,-74.941938,Bajo,ESPINAL,TOLIMA,73268
11,4G015,ANI,Cambao_Tramo_1IbagueArmero,Sencilla,33,4.601466,-74.941172,Bajo,ALVARADO,TOLIMA,73026
3,4G018,ANI,PHierro_Tramo_UF3CarrePalmardeV,Sencilla,132,10.210447,-74.94009,Muy Bajo,CALAMAR,BOLÍVAR,13140
14,4G015,ANI,Cambao_Tramo_1IbagueArmero,Sencilla,33,4.617176,-74.938066,Bajo,ALVARADO,TOLIMA,73026
8,4G015,ANI,Cambao_Tramo_1IbagueArmero,Sencilla,41,4.678481,-74.937744,Bajo,VENADILLO,TOLIMA,73861
17,4G015,ANI,Cambao_Tramo_1IbagueArmero,Sencilla,39,4.662033,-74.936517,Medio,VENADILLO,TOLIMA,73861
9,4G015,ANI,Cambao_Tramo_1IbagueArmero,Sencilla,43,4.693339,-74.935574,Bajo,VENADILLO,TOLIMA,73861
9,4G015,ANI,Cambao_Tramo_1IbagueArmero,Sencilla,37,4.642191,-74.934178,Bajo,VENADILLO,TOLIMA,73861
9,4G005,ANI,CartBarr_Tramo_UF4,Doble,98,10.999085,-74.934032,Bajo,PUERTO COLOMBIA,ATLÁNTICO,8573
11,4G015,ANI,Cambao_Tramo_1IbagueArmero,Sencilla,51,4.771662,-74.934015,Bajo,VENADILLO,TOLIMA,73861
11,4G018,ANI,PHierro_Tramo_UF3CarrePalmardeV,Sencilla,132,10.216928,-74.933298,Bajo,CALAMAR,BOLÍVAR,13140
8,4G017,ANI,NeivaIP_Tramo_UF4SaldEsp,Doble,34,4.077838,-74.93238,Bajo,GUAMO,TOLIMA,73319
9,4G015,ANI,Cambao_Tramo_1IbagueArmero,Sencilla,51,4.758444,-74.931011,Bajo,VENADILLO,TOLIMA,73861
6,4G015,ANI,Cambao_Tramo_1IbagueArmero,Sencilla,49,4.738598,-74.930248,Muy Bajo,VENADILLO,TOLIMA,73861
5,3G009,ANI,Gica_Tramo_4IGualaCVEsp,Sencilla,31,4.171815,-74.928732,Muy Bajo,ESPINAL,TOLIMA,73268
10,4G015,ANI,Cambao_Tramo_1IbagueArmero,Sencilla,59,4.813179,-74.926106,Bajo,LÉRIDA,TOLIMA,73408
9,4G018,ANI,PHierro_Tramo_UF3CarrePalmardeV,Sencilla,134,10.229835,-74.924379,Bajo,CALAMAR,BOLÍVAR,13140
7,4G017,ANI,NeivaIP_Tramo_UF4SaldEsp,Doble,36,4.098012,-74.922707,Bajo,GUAMO,TOLIMA,73319
20,4G015,ANI,Cambao_Tramo_1IbagueArmero,Sencilla,61,4.828783,-74.920516,Medio,LÉRIDA,TOLIMA,73408
10,4G005,ANI,CartBarr_Tramo_UF4,Doble,100,11.004833,-74.920166,Bajo,PUERTO COLOMBIA,ATLÁNTICO,8573
4,4G018,ANI,,,136,10.249987,-74.917317,Muy Bajo,CALAMAR,BOLÍVAR,13140
9,4G015,ANI,Cambao_Tramo_1IbagueArmero,Sencilla,62,4.843065,-74.915248,Bajo,LÉRIDA,TOLIMA,73408
7,4G017,ANI,NeivaIP_Tramo_UF4SaldEsp,Doble,38,4.11654,-74.914799,Bajo,ESPINAL,TOLIMA,73268
10,,CIUDAD,,,sd,4.151373,-74.9143,Bajo,ESPINAL,TOLIMA,73268
3,3G008,ANI,RutaCa_Tramo_BarranqSabana,Sencilla,86,10.714159,-74.910278,Muy Bajo,BARANOA,ATLÁNTICO,8078
2,4G018,ANI,PHierro_Tramo_UF3CarrePalmardeV,Sencilla,0,10.26947,-74.910107,Muy Bajo,SUAN,ATLÁNTICO,8770
4,4G017,ANI,NeivaIP_Tramo_UF4SaldEsp,Doble,40,4.133992,-74.908476,Muy Bajo,ESPINAL,TOLIMA,73268
2,4G015,ANI,Cambao_Tramo_1IbagueArmero,Sencilla,65,4.871578,-74.907189,Muy Bajo,LÉRIDA,TOLIMA,73408
2,3G008,ANI,RutaCa_Tramo_BarranqSabana,Sencilla,84,10.698452,-74.906845,Muy Bajo,SABANALARGA,ATLÁNTICO,8638
23,4G005,ANI,CartBarr_Tramo_UF4,Doble,102,11.010405,-74.906717,Medio,PUERTO COLOMBIA,ATLÁNTICO,8573
2,4G018,ANI,PHierro_Tramo_UF3CarrePalmardeV,Sencilla,2,10.284148,-74.9053,Muy Bajo,SUAN,ATLÁNTICO,8770
13,4G015,ANI,Cambao_Tramo_1IbagueArmero,Sencilla,75,4.938094,-74.904276,Bajo,LÉRIDA,TOLIMA,73408
4,4G015,ANI,Cambao_Tramo_2CambaoHonda,Sencilla,79,4.975391,-74.903927,Muy Bajo,ARMERO (Guayabal),TOLIMA,73055
4,4G015,ANI,Cambao_Tramo_2CambaoHonda,Sencilla,81,4.997578,-74.901695,Muy Bajo,ARMERO (Guayabal),TOLIMA,73055
3,4G015,ANI,Cambao_Tramo_2CambaoHonda,Sencilla,98,5.134392,-74.898691,Muy Bajo,ARMERO (Guayabal),TOLIMA,73055
7,4G015,ANI,Cambao_Tramo_2CambaoHonda,Sencilla,100,5.153969,-74.898448,Bajo,MARIQUITA,TOLIMA,73443
3,4G018,ANI,PHierro_Tramo_UF3CarrePalmardeV,Sencilla,4,10.299855,-74.897146,Muy Bajo,SUAN,ATLÁNTICO,8770
17,4G015,ANI,Cambao_Tramo_1IbagueArmero,Sencilla,71,4.917909,-74.896293,Medio,LÉRIDA,TOLIMA,73408
2,4G015,ANI,Cambao_Tramo_2CambaoHonda,Sencilla,102,5.170527,-74.894314,Muy Bajo,MARIQUITA,TOLIMA,73443
4,4G005,ANI,CartBarr_Tramo_UF4,Doble,104,11.012206,-74.894142,Muy Bajo,PUERTO COLOMBIA,ATLÁNTICO,8573
4,3G008,ANI,RutaCa_Tramo_BarranqCarac,Doble,106,10.873439,-74.893155,Muy Bajo,GALAPA,ATLÁNTICO,8296
2,4G015,ANI,Cambao_Tramo_2CambaoHonda,Sencilla,95,5.11096,-74.892769,Muy Bajo,ARMERO (Guayabal),TOLIMA,73055
14,4G015,ANI,Cambao_Tramo_1IbagueArmero,Sencilla,69,4.897303,-74.89093,Bajo,LÉRIDA,TOLIMA,73408
6,4G015,ANI,Cambao_Tramo_2CambaoHonda,Sencilla,93,5.094438,-74.883113,Muy Bajo,ARMERO (Guayabal),TOLIMA,73055
7,4G015,ANI,Cambao_Tramo_2CambaoHonda,Sencilla,87,5.053909,-74.881336,Bajo,ARMERO (Guayabal),TOLIMA,73055
4,4G015,ANI,Cambao_Tramo_2CambaoHonda,Sencilla,89,5.066586,-74.87998,Muy Bajo,ARMERO (Guayabal),TOLIMA,73055
9,4G005,ANI,CartBarr_Tramo_UF4,Doble,104,11.01398,-74.878922,Bajo,PUERTO COLOMBIA,ATLÁNTICO,8573
3,4G015,ANI,Cambao_Tramo_2CambaoHonda,Sencilla,91,5.079317,-74.878178,Muy Bajo,ARMERO (Guayabal),TOLIMA,73055
3,4G018,ANI,PHierro_Tramo_UF3CarrePalmardeV,Sencilla,11,10.361052,-74.86948,Muy Bajo,CAMPO DE LA CRUZ,ATLÁNTICO,8137
3,3G008,ANI,RutaCa_Tramo_BarranqCarac,Doble,112,10.924873,-74.869337,Muy Bajo,GALAPA,ATLÁNTICO,8296
2,4G017,ANI,NeivaIP_Tramo_UF5EspFlan,Doble,50,4.205017,-74.855175,Muy Bajo,FLANDES,TOLIMA,73275
2,4G005,ANI,CartBarr_Tramo_UF4,Doble,108,11.015425,-74.849854,Muy Bajo,BARRANQUILLA,ATLÁNTICO,8001
2,4G015,ANI,Cambao_Tramo_2CambaoHonda,Sencilla,33,5.195332,-74.842129,Muy Bajo,MARIQUITA,TOLIMA,73443
3,4G018,ANI,PHierro_Tramo_UF3CarrePalmardeV,Sencilla,21,10.435324,-74.838696,Muy Bajo,CAMPO DE LA CRUZ,ATLÁNTICO,8137
2,4G017,ANI,NeivaIP_Tramo_UF5EspFlan,Doble,56,4.2554,-74.838009,Muy Bajo,FLANDES,TOLIMA,73275
3,4G018,ANI,PHierro_Tramo_UF3CarrePalmardeV,Sencilla,23,10.449343,-74.837208,Muy Bajo,CAMPO DE LA CRUZ,ATLÁNTICO,8137
5,4G018,ANI,PHierro_Tramo_UF3CarrePalmardeV,Sencilla,29,10.496733,-74.8251,Muy Bajo,CANDELARIA,ATLÁNTICO,8141
3,4G018,ANI,PHierro_Tramo_UF3CarrePalmardeV,Sencilla,32,10.518236,-74.818554,Muy Bajo,PONEDERA,ATLÁNTICO,8560
3,4G018,ANI,PHierro_Tramo_UF3CarrePalmardeV,Sencilla,34,10.537434,-74.808912,Muy Bajo,PONEDERA,ATLÁNTICO,8560
2,4G018,ANI,PHierro_Tramo_UF3CarrePalmardeV,Sencilla,36,10.559321,-74.797669,Muy Bajo,PONEDERA,ATLÁNTICO,8560
3,4G010,ANI,Magdalena2_Tramo_2VegachiAltoD,Sencilla,42,6.508341,-74.786396,Muy Bajo,MACEO,ANTIOQUIA,5425
3,4G018,ANI,PHierro_Tramo_UF3CarrePalmardeV,Sencilla,40,10.582366,-74.785652,Muy Bajo,PONEDERA,ATLÁNTICO,8560
8,3G008,ANI,,,61,10.772146,-74.765522,Bajo,SANTO TOMÁS,ATLÁNTICO,8685
3,4G018,ANI,PHierro_Tramo_UF3CarrePalmardeV,Sencilla,45,10.628386,-74.761563,Muy Bajo,PONEDERA,ATLÁNTICO,8560
2,4G018,ANI,PHierro_Tramo_UF3CarrePalmardeV,Sencilla,48,10.648413,-74.761276,Muy Bajo,PONEDERA,ATLÁNTICO,8560
5,4G018,ANI,PHierro_Tramo_UF3CarrePalmardeV,Sencilla,56,10.71903,-74.755097,Muy Bajo,PALMAR DE VARELA,ATLÁNTICO,8520
3,4G018,ANI,PHierro_Tramo_UF3CarrePalmardeV,Sencilla,50,10.673561,-74.752264,Muy Bajo,PALMAR DE VARELA,ATLÁNTICO,8520
4,4G010,ANI,Magdalena2_Tramo_3AltoDPtoBerrio,Sencilla,48,6.497598,-74.751406,Muy Bajo,MACEO,ANTIOQUIA,5425
3,4G018,ANI,PHierro_Tramo_UF3CarrePalmardeV,Sencilla,52,10.693345,-74.74823,Muy Bajo,PALMAR DE VARELA,ATLÁNTICO,8520
3,4G008,ANI,GHPtoS_Tramo_UF5,Sencilla,10,5.281019,-74.741078,Muy Bajo,HONDA,TOLIMA,73349
2,4G008,ANI,GHPtoS_Tramo_UF5,Sencilla,14,5.32176,-74.739132,Muy Bajo,LA DORADA,CALDAS,17380
2,4G008,ANI,GHPtoS_Tramo_UF5,Sencilla,2,5.227518,-74.735699,Muy Bajo,HONDA,TOLIMA,73349
2,4G008,ANI,GHPtoS_Tramo_UF5,Sencilla,18,5.34854,-74.732094,Muy Bajo,LA DORADA,CALDAS,17380
2,4G008,ANI,GHPtoS_Tramo_UF5,Sencilla,5,5.244427,-74.727802,Muy Bajo,HONDA,TOLIMA,73349
2,,DEPTO,,,6,10.98341,-74.721966,Muy Bajo,SITIONUEVO,MAGDALENA,47745
2,4G008,ANI,GHPtoS_Tramo_UF5,Sencilla,20,5.363732,-74.721794,Muy Bajo,LA DORADA,CALDAS,17380
5,4G008,ANI,GHPtoS_Tramo_UF5,Sencilla,22,5.381871,-74.711409,Muy Bajo,LA DORADA,CALDAS,17380
8,,DEPTO,,,10,10.99398,-74.698522,Bajo,SITIONUEVO,MAGDALENA,47745
2,,DEPTO,,,10,11.002293,-74.689865,Muy Bajo,SITIONUEVO,MAGDALENA,47745
5,,DEPTO,,,12,11.005712,-74.674101,Muy Bajo,SITIONUEVO,MAGDALENA,47745
2,4G010,ANI,Magdalena2_Tramo_3AltoDPtoBerrio,Sencilla,60,6.452751,-74.669953,Muy Bajo,PUERTO BERRÍO,ANTIOQUIA,5579
6,,DEPTO,,,15,11.007643,-74.652958,Muy Bajo,SITIONUEVO,MAGDALENA,47745
4,4G010,ANI,Magdalena2_Tramo_3AltoDPtoBerrio,Sencilla,64,6.449919,-74.638825,Muy Bajo,PUERTO BERRÍO,ANTIOQUIA,5579
8,,DEPTO,,,18,11.013439,-74.630322,Bajo,SITIONUEVO,MAGDALENA,47745
4,,INVIAS-OTROS,RutaSol2_Tramo_SalgarCano,Doble,50,5.594359,-74.622631,Muy Bajo,PUERTO SALGAR,CUNDINAMARCA,25572
3,,INVIAS-OTROS,RutaSol2_Tramo_SalgarCano,Doble,56,5.644226,-74.617167,Muy Bajo,PUERTO SALGAR,CUNDINAMARCA,25572
3,,DEPTO,,,20,11.006727,-74.603291,Muy Bajo,SITIONUEVO,MAGDALENA,47745
5,,DEPTO,,,24,10.997379,-74.582448,Muy Bajo,SITIONUEVO,MAGDALENA,47745
4,,INVIAS-OTROS,RutaSol2_Tramo_CanoProAra,Doble,88,5.897727,-74.567557,Muy Bajo,PUERTO BOYACÁ,BOYACÁ,15572
2,,INVIAS-OTROS,RutaSol2_Tramo_CanoProAra,Doble,82,5.851507,-74.564381,Muy Bajo,PUERTO BOYACÁ,BOYACÁ,15572
4,,INVIAS-OTROS,RutaSol2_Tramo_CanoProAra,Doble,102,6.012097,-74.559059,Muy Bajo,PUERTO BOYACÁ,BOYACÁ,15572
2,,INVIAS-OTROS,RutaSol2_Tramo_CanoProAra,Doble,98,5.983086,-74.557343,Muy Bajo,PUERTO BOYACÁ,BOYACÁ,15572
8,,DEPTO,,,26,10.991335,-74.55617,Bajo,SITIONUEVO,MAGDALENA,47745
2,,INVIAS-OTROS,RutaSol2_Tramo_CanoProAra,Doble,120,6.137495,-74.554424,Muy Bajo,PUERTO BOYACÁ,BOYACÁ,15572
2,,INVIAS-OTROS,RutaSol2_Tramo_CanoProAra,Doble,114,6.081534,-74.552364,Muy Bajo,PUERTO BOYACÁ,BOYACÁ,15572
2,,INVIAS-OTROS,RutaSol2_Tramo_CanoProAra,Doble,108,6.042996,-74.548931,Muy Bajo,PUERTO BOYACÁ,BOYACÁ,15572
5,,DEPTO,,,28,10.989676,-74.536142,Muy Bajo,SITIONUEVO,MAGDALENA,47745
3,,INVIAS-OTROS,RutaSol2_Tramo_CanoProAra,Doble,1,6.237459,-74.516201,Muy Bajo,BOLIVAR,SANTANDER,68101
6,,DEPTO,,,32,10.982981,-74.513569,Muy Bajo,SITIONUEVO,MAGDALENA,47745
11,,DEPTO,,,36,10.97693,-74.477649,Bajo,PUEBLOVIEJO,MAGDALENA,47570
2,4G010,ANI,Magdalena2_Tramo_3AltoDPtoBerrio,Sencilla,88,6.495066,-74.477177,Muy Bajo,PUERTO BERRÍO,ANTIOQUIA,5579
2,,INVIAS-OTROS,RutaSol2_Tramo_CanoProAra,Doble,5,6.270704,-74.476318,Muy Bajo,CIMITARRA,SANTANDER,68190
3,,DEPTO,,,36,10.974398,-74.462757,Muy Bajo,PUEBLOVIEJO,MAGDALENA,47570
8,,DEPTO,,,40,10.972246,-74.440819,Bajo,PUEBLOVIEJO,MAGDALENA,47570
8,,DEPTO,,,42,10.973132,-74.421001,Bajo,PUEBLOVIEJO,MAGDALENA,47570
5,,DEPTO,,,44,10.972281,-74.396782,Muy Bajo,PUEBLOVIEJO,MAGDALENA,47570
2,,INVIAS-OTROS,RutaSol2_Tramo_CanoProAra,Doble,21,6.378937,-74.391346,Muy Bajo,CIMITARRA,SANTANDER,68190
5,,DEPTO,,,46,10.971222,-74.378772,Muy Bajo,PUEBLOVIEJO,MAGDALENA,47570
2,,INVIAS-OTROS,RutaSol2_Tramo_CanoProAra,Doble,25,6.390353,-74.369202,Muy Bajo,CIMITARRA,SANTANDER,68190
2,,INVIAS-OTROS,RutaSol2_Tramo_CanoProAra,Doble,35,6.439533,-74.312725,Muy Bajo,CIMITARRA,SANTANDER,68190
2,1G007,ANI,Fontibon_Tramo_TramoNo2,Doble,54,4.761372,-74.308949,Muy Bajo,MADRID,CUNDINAMARCA,25430
2,4G010,ANI,Magdalena2_Tramo_42PtoBerrioeRDS,Sencilla,114,6.485796,-74.275131,Muy Bajo,CIMITARRA,SANTANDER,68190
2,1G007,ANI,Fontibon_Tramo_TramoNo1,Doble,64,4.718886,-74.238911,Muy Bajo,MOSQUERA,CUNDINAMARCA,25473
4,,DEPTO,,,sd,11.160221,-74.225178,Muy Bajo,SANTA MARTA,MAGDALENA,47001
12,,DEPTO,,,sd,11.107435,-74.221343,Bajo,SANTA MARTA,MAGDALENA,47001
7,,DEPTO,,,75,11.093335,-74.216055,Bajo,SANTA MARTA,MAGDALENA,47001
2,,DEPTO,,,sd,11.113444,-74.213677,Muy Bajo,SANTA MARTA,MAGDALENA,47001
8,,DEPTO,,,73,11.077011,-74.213322,Bajo,CIÉNAGA,MAGDALENA,47189
2,,DEPTO,,,sd,11.145802,-74.211445,Muy Bajo,SANTA MARTA,MAGDALENA,47001
4,,DEPTO,,,71,11.061774,-74.207583,Muy Bajo,CIÉNAGA,MAGDALENA,47189
5,,DEPTO,,,69,11.047148,-74.204235,Muy Bajo,CIÉNAGA,MAGDALENA,47189
4,,DEPTO,,,69,11.03272,-74.204064,Muy Bajo,CIÉNAGA,MAGDALENA,47189
3,3G012,ANI,RutaSol3_Tramo5_BoscCarmen,Doble,77,9.865008,-74.198399,Muy Bajo,ARIGUANÍ (El Dificil),MAGDALENA,47058
2,,INVIAS-OTROS,RutaSol2_Tramo_CanoProAra,Doble,51,6.487169,-74.192219,Muy Bajo,CIMITARRA,SANTANDER,68190
3,3G012,ANI,RutaSol3_Tramo4_FundaCienaga,Doble,6,10.58271,-74.166899,Muy Bajo,ARACATACA,MAGDALENA,47053
6,3G012,ANI,RutaSol3_Tramo4_FundaCienaga,Doble,1,10.546146,-74.162908,Muy Bajo,ARACATACA,MAGDALENA,47053
3,3G012,ANI,RutaSol3_Tramo4_FundaCienaga,Doble,88,10.923872,-74.161434,Muy Bajo,ZONA BANANERA,MAGDALENA,47980
3,3G012,ANI,RutaSol3_Tramo4_FundaCienaga,Doble,54,10.663476,-74.160977,Muy Bajo,ZONA BANANERA,MAGDALENA,47980
2,3G012,ANI,RutaSol3_Tramo3_BoscFund,Doble,30,10.47864,-74.15926,Muy Bajo,FUNDACIÓN,MAGDALENA,47288
2,3G012,ANI,RutaSol3_Tramo4_FundaCienaga,Doble,58,10.685063,-74.15205,Muy Bajo,ZONA BANANERA,MAGDALENA,47980
7,3G012,ANI,RutaSol3_Tramo3_BoscFund,Doble,28,10.466838,-74.1509,Bajo,FUNDACIÓN,MAGDALENA,47288
2,3G012,ANI,RutaSol3_Tramo4_FundaCienaga,Doble,60,10.698624,-74.143982,Muy Bajo,ZONA BANANERA,MAGDALENA,47980
2,3G012,ANI,RutaSol3_Tramo4_FundaCienaga,Doble,62,10.716133,-74.134026,Muy Bajo,ZONA BANANERA,MAGDALENA,47980
2,3G012,ANI,RutaSol3_Tramo4_FundaCienaga,Doble,78,10.845051,-74.130592,Muy Bajo,ZONA BANANERA,MAGDALENA,47980
5,3G012,ANI,RutaSol3_Tramo3_BoscFund,Doble,24,10.430503,-74.128218,Muy Bajo,FUNDACIÓN,MAGDALENA,47288
7,3G012,ANI,RutaSol3_Tramo4_FundaCienaga,Doble,64,10.736966,-74.11914,Bajo,ZONA BANANERA,MAGDALENA,47980
4,3G012,ANI,RutaSol3_Tramo4_FundaCienaga,Doble,76,10.820031,-74.117375,Muy Bajo,ZONA BANANERA,MAGDALENA,47980
3,3G012,ANI,RutaSol3_Tramo4_FundaCienaga,Doble,73,10.804067,-74.109478,Muy Bajo,ZONA BANANERA,MAGDALENA,47980
5,3G012,ANI,RutaSol3_Tramo3_BoscFund,Doble,18,10.387865,-74.104466,Muy Bajo,FUNDACIÓN,MAGDALENA,47288
4,3G012,ANI,RutaSol3_Tramo3_BoscFund,Doble,17,10.372338,-74.093514,Muy Bajo,FUNDACIÓN,MAGDALENA,47288
2,,INVIAS-OTROS,RutaSol2_Tramo_PtoAraLiza,Doble,63,6.524763,-74.092999,Muy Bajo,CIMITARRA,SANTANDER,68190
5,3G012,ANI,RutaSol3_Tramo3_BoscFund,Doble,12,10.341783,-74.068794,Muy Bajo,ALGARROBO,MAGDALENA,47030
3,3G012,ANI,RutaSol3_Tramo3_BoscFund,Doble,10,10.322771,-74.056006,Muy Bajo,ALGARROBO,MAGDALENA,47030
3,3G012,ANI,RutaSol3_Tramo3_BoscFund,Doble,6,10.305262,-74.044132,Muy Bajo,ALGARROBO,MAGDALENA,47030
5,3G012,ANI,RutaSol3_Tramo3_BoscFund,Doble,4,10.286865,-74.031573,Muy Bajo,ALGARROBO,MAGDALENA,47030
5,3G012,ANI,RutaSol3_Tramo3_BoscFund,Doble,2,10.261503,-74.014607,Muy Bajo,ALGARROBO,MAGDALENA,47030
3,4G033,ANI,Devinorte_Tramo_1Ruta55,Doble,sd,4.927626,-74.011402,Muy Bajo,CAJICÁ,CUNDINAMARCA,25126
2,4G033,ANI,Devinorte_Tramo_1Ruta55,Doble,18,4.958868,-74.01043,Muy Bajo,CAJICÁ,CUNDINAMARCA,25126
3,,INVIAS-OTROS,RutaSol2_Tramo_PtoAraLiza,Doble,75,6.591826,-74.010143,Muy Bajo,CIMITARRA,SANTANDER,68190
3,4G033,ANI,Devinorte_Tramo_1Ruta55,Doble,sd,4.980498,-74.003391,Muy Bajo,CAJICÁ,CUNDINAMARCA,25126
5,3G012,ANI,RutaSol3_Tramo3_BoscFund,Doble,32,10.243704,-74.002155,Muy Bajo,EL COPEY,CESAR,20238
3,4G033,ANI,Devinorte_Tramo_2Ruta45A,Doble,13,4.912605,-74.000559,Muy Bajo,SOPÓ,CUNDINAMARCA,25758
8,4G033,ANI,Devinorte_Tramo_1Ruta55,Doble,23,4.997921,-73.99601,Bajo,ZIPAQUIRÁ,CUNDINAMARCA,25899
6,3G012,ANI,RutaSol3_Tramo3_BoscFund,Doble,31,10.229531,-73.993206,Muy Bajo,EL COPEY,CESAR,20238
2,,INVIAS-OTROS,RutaSol2_Tramo_PtoAraLiza,Doble,79,6.612225,-73.988114,Muy Bajo,PUERTO PARRA,SANTANDER,68573
3,3G012,ANI,RutaSol3_Tramo3_BoscFund,Doble,29,10.215025,-73.984051,Muy Bajo,EL COPEY,CESAR,20238
5,4G033,ANI,Devinorte_Tramo_2Ruta45A,Doble,18,4.939093,-73.970226,Muy Bajo,SOPÓ,CUNDINAMARCA,25758
4,,INVIAS-OTROS,Zipaq_Tramo_1ZipaPteOtero,Sencilla,sd,5.043583,-73.966885,Muy Bajo,COGUA,CUNDINAMARCA,25200
2,,INVIAS-OTROS,,,3,9.032135,-73.964939,Muy Bajo,EL BANCO,MAGDALENA,47245
3,3G012,ANI,RutaSol3_Tramo3_BoscFund,Doble,23,10.165587,-73.961849,Muy Bajo,EL COPEY,CESAR,20238
6,,INVIAS-OTROS,,,5,9.052327,-73.959274,Muy Bajo,EL BANCO,MAGDALENA,47245
2,4G006,ANI,POriente_Tramo_SopoLaCalera,Sencilla,17,4.76841,-73.959274,Muy Bajo,LA CALERA,CUNDINAMARCA,25377
6,,INVIAS-OTROS,,,9,9.077397,-73.95155,Muy Bajo,EL BANCO,MAGDALENA,47245
7,,INVIAS-OTROS,Americas_Tramo7_TamalaElBanco,Sencilla,sd,8.999139,-73.951452,Bajo,EL BANCO,MAGDALENA,47245
3,3G012,ANI,RutaSol3_Tramo3_BoscFund,Doble,18,10.130682,-73.947201,Muy Bajo,EL COPEY,CESAR,20238
6,,INVIAS-OTROS,,,11,9.092446,-73.9468,Muy Bajo,EL BANCO,MAGDALENA,47245
8,3G012,ANI,RutaSol3_Tramo3_BoscFund,Doble,16,10.111714,-73.942074,Bajo,EL COPEY,CESAR,20238
14,,INVIAS-OTROS,,,13,9.108022,-73.940289,Bajo,EL BANCO,MAGDALENA,47245
10,,INVIAS-OTROS,Americas_Tramo7_TamalaElBanco,Sencilla,3,8.990965,-73.936773,Bajo,EL BANCO,MAGDALENA,47245
2,3G012,ANI,RutaSol3_Tramo3_BoscFund,Doble,13,10.090943,-73.93507,Muy Bajo,EL COPEY,CESAR,20238
6,3G012,ANI,RutaSol3_Tramo3_BoscFund,Doble,13,10.074721,-73.928933,Muy Bajo,EL COPEY,CESAR,20238
12,,INVIAS-OTROS,,,15,9.121622,-73.927223,Bajo,EL BANCO,MAGDALENA,47245
2,,INVIAS-OTROS,RutaSol2_Tramo_PtoAraLiza,Doble,89,6.673079,-73.923226,Muy Bajo,PUERTO PARRA,SANTANDER,68573
3,,INVIAS-OTROS,Zipaq_Tramo_1ZipaPteOtero,Sencilla,38,5.090075,-73.922825,Muy Bajo,NEMOCÓN,CUNDINAMARCA,25486
4,,INVIAS-OTROS,Americas_Tramo7_TamalaElBanco,Sencilla,5,8.983083,-73.921423,Muy Bajo,EL BANCO,MAGDALENA,47245
4,3G012,ANI,RutaSol3_Tramo3_BoscFund,Doble,10,10.051403,-73.920307,Muy Bajo,BOSCONIA,CESAR,20060
8,,INVIAS-OTROS,,,17,9.143053,-73.916261,Bajo,EL BANCO,MAGDALENA,47245
10,,INVIAS-OTROS,,,21,9.185193,-73.911875,Bajo,CHIMICHAGUA,CESAR,20175
9,,INVIAS-OTROS,,,19,9.162842,-73.909536,Bajo,EL BANCO,MAGDALENA,47245
7,,INVIAS-OTROS,,,24,9.202068,-73.909321,Bajo,CHIMICHAGUA,CESAR,20175
5,3G012,ANI,RutaSol3_Tramo3_BoscFund,Doble,5,10.023365,-73.909035,Muy Bajo,BOSCONIA,CESAR,20060
2,,INVIAS-OTROS,,,0,9.558792,-73.907948,Muy Bajo,ASTREA,CESAR,20032
4,1G003,ANI,,,32,11.282487,-73.905544,Muy Bajo,SANTA MARTA,MAGDALENA,47001
2,3G012,ANI,RutaSol3_Tramo3_BoscFund,Doble,4,10.009575,-73.903656,Muy Bajo,BOSCONIA,CESAR,20060
10,,INVIAS-OTROS,Americas_Tramo7_TamalaElBanco,Sencilla,7,8.983155,-73.90327,Bajo,EL BANCO,MAGDALENA,47245
10,,INVIAS-OTROS,,,68,9.518352,-73.899408,Bajo,ASTREA,CESAR,20032
3,,INVIAS-OTROS,,,27,9.226542,-73.894444,Muy Bajo,CHIMICHAGUA,CESAR,20175
4,,INVIAS-OTROS,,,2,9.577031,-73.8937,Muy Bajo,ASTREA,CESAR,20032
2,3G012,ANI,RutaSol3_Tramo3_BoscFund,Doble,2,9.984684,-73.893528,Muy Bajo,BOSCONIA,CESAR,20060
5,,INVIAS-OTROS,,,57,9.417622,-73.892541,Muy Bajo,CHIMICHAGUA,CESAR,20175
8,,INVIAS-OTROS,,,59,9.432535,-73.890481,Bajo,CHIMICHAGUA,CESAR,20175
6,,INVIAS-OTROS,,,67,9.506035,-73.889237,Muy Bajo,ASTREA,CESAR,20032
4,,INVIAS-OTROS,,,53,9.397001,-73.888808,Muy Bajo,CHIMICHAGUA,CESAR,20175
10,,INVIAS-OTROS,,,51,9.377443,-73.887756,Bajo,CHIMICHAGUA,CESAR,20175
3,,INVIAS-OTROS,RutaSol2_Tramo_PtoAraLiza,Doble,95,6.708727,-73.883801,Muy Bajo,PUERTO PARRA,SANTANDER,68573
13,,INVIAS-OTROS,,,65,9.48969,-73.883739,Bajo,ASTREA,CESAR,20032
7,,INVIAS-OTROS,Americas_Tramo7_TamalaElBanco,Sencilla,10,8.982289,-73.883114,Bajo,EL BANCO,MAGDALENA,47245
7,,INVIAS-OTROS,,,61,9.449158,-73.882485,Bajo,ASTREA,CESAR,20032
13,,INVIAS-OTROS,,,63,9.468942,-73.880506,Bajo,ASTREA,CESAR,20032
3,,INVIAS-OTROS,,,6,9.594841,-73.878422,Muy Bajo,ASTREA,CESAR,20032
8,,INVIAS-OTROS,,,29,9.239931,-73.876834,Bajo,CHIMICHAGUA,CESAR,20175
6,,INVIAS-OTROS,,,47,9.341898,-73.874989,Muy Bajo,CHIMICHAGUA,CESAR,20175
9,3G012,ANI,RutaSol3_Tramo2_LaLomaBosconia,Doble,84,9.94958,-73.87064,Bajo,BOSCONIA,CESAR,20060
5,,INVIAS-OTROS,Americas_Tramo7_TamalaElBanco,Sencilla,11,8.979487,-73.86723,Muy Bajo,EL BANCO,MAGDALENA,47245
7,,INVIAS-OTROS,,,31,9.248944,-73.863774,Bajo,CHIMICHAGUA,CESAR,20175
7,1G003,ANI,SMartaP_Tramo_1SMartaRioPal,Doble,38,11.271818,-73.862509,Bajo,SANTA MARTA,MAGDALENA,47001
5,3G012,ANI,RutaSol3_Tramo2_LaLomaBosconia,Doble,84,9.935915,-73.861668,Muy Bajo,BOSCONIA,CESAR,20060
8,,INVIAS-OTROS,Americas_Tramo7_TamalaElBanco,Sencilla,20,8.912653,-73.856243,Bajo,TAMALAMEQUE,CESAR,20787
3,,INVIAS-OTROS,,,8,9.607716,-73.855934,Muy Bajo,ASTREA,CESAR,20032
4,,INVIAS-OTROS,Americas_Tramo7_TamalaElBanco,Sencilla,13,8.973427,-73.855419,Muy Bajo,EL BANCO,MAGDALENA,47245
9,3G012,ANI,RutaSol3_Tramo6_BoscoValled,Doble,30,9.991341,-73.855019,Bajo,BOSCONIA,CESAR,20060
3,,INVIAS-OTROS,Americas_Tramo7_TamalaElBanco,Sencilla,18,8.93157,-73.854733,Muy Bajo,TAMALAMEQUE,CESAR,20787
3,,INVIAS-OTROS,,,41,9.307738,-73.852101,Muy Bajo,CHIMICHAGUA,CESAR,20175
7,,INVIAS-OTROS,,,33,9.259479,-73.851113,Bajo,CHIMICHAGUA,CESAR,20175
4,,INVIAS-OTROS,Americas_Tramo7_TamalaElBanco,Sencilla,17,8.943901,-73.849325,Muy Bajo,TAMALAMEQUE,CESAR,20787
3,,INVIAS-OTROS,,,37,9.279928,-73.847637,Muy Bajo,CHIMICHAGUA,CESAR,20175
5,1G003,ANI,SMartaP_Tramo_1SMartaRioPal,Doble,40,11.258004,-73.847394,Muy Bajo,SANTA MARTA,MAGDALENA,47001
5,,INVIAS-OTROS,Americas_Tramo7_TamalaElBanco,Sencilla,15,8.957926,-73.845532,Muy Bajo,TAMALAMEQUE,CESAR,20787
2,,INVIAS-OTROS,RutaSol2_Tramo_PtoAraLiza,Doble,101,6.753674,-73.845463,Muy Bajo,SIMACOTA,SANTANDER,68745
7,3G012,ANI,RutaSol3_Tramo2_LaLomaBosconia,Doble,80,9.907823,-73.843403,Bajo,BOSCONIA,CESAR,20060
2,,INVIAS-OTROS,Americas_Tramo7_TamalaElBanco,Sencilla,23,8.890686,-73.842545,Muy Bajo,TAMALAMEQUE,CESAR,20787
10,3G012,ANI,RutaSol3_Tramo6_BoscoValled,Doble,32,9.993267,-73.841286,Bajo,BOSCONIA,CESAR,20060
5,,INVIAS-OTROS,,,37,9.267054,-73.840588,Muy Bajo,CHIMICHAGUA,CESAR,20175
3,,INVIAS-OTROS,Americas_Tramo7_TamalaElBanco,Sencilla,25,8.879357,-73.831816,Muy Bajo,TAMALAMEQUE,CESAR,20787
6,3G012,ANI,RutaSol3_Tramo2_LaLomaBosconia,Doble,76,9.888039,-73.830242,Muy Bajo,BOSCONIA,CESAR,20060
7,3G012,ANI,RutaSol3_Tramo6_BoscoValled,Doble,32,10.000465,-73.829523,Bajo,BOSCONIA,CESAR,20060
3,,INVIAS-OTROS,,,12,9.62647,-73.82186,Muy Bajo,ASTREA,CESAR,20032
3,4G023,ANI,BBY_Tramo_22ElRetenLaVirgen,Sencilla,4,7.043524,-73.818913,Muy Bajo,BARRANCABERMEJA,SANTANDER,68081
2,,INVIAS-OTROS,Americas_Tramo7_TamalaElBanco,Sencilla,27,8.869658,-73.81834,Muy Bajo,TAMALAMEQUE,CESAR,20787
11,3G012,ANI,RutaSol3_Tramo6_BoscoValled,Doble,34,10.008855,-73.816278,Bajo,BOSCONIA,CESAR,20060
3,1G003,ANI,SMartaP_Tramo_1SMartaRioPal,Doble,44,11.248942,-73.80827,Muy Bajo,SANTA MARTA,MAGDALENA,47001
12,3G012,ANI,RutaSol3_Tramo2_LaLomaBosconia,Doble,72,9.850031,-73.805275,Bajo,BOSCONIA,CESAR,20060
5,3G012,ANI,RutaSol3_Tramo6_BoscoValled,Doble,36,10.016064,-73.80526,Muy Bajo,BOSCONIA,CESAR,20060
9,3G012,ANI,RutaSol3_Tramo6_BoscoValled,Doble,38,10.032077,-73.798428,Bajo,BOSCONIA,CESAR,20060
2,,INVIAS-OTROS,,,29,8.869658,-73.798256,Muy Bajo,TAMALAMEQUE,CESAR,20787
8,4G023,ANI,BBY_Tramo_22ElRetenLaVirgen,Sencilla,6,7.047472,-73.796797,Bajo,BARRANCABERMEJA,SANTANDER,68081
7,3G012,ANI,RutaSol3_Tramo2_LaLomaBosconia,Doble,70,9.832899,-73.793915,Bajo,BOSCONIA,CESAR,20060
2,,INVIAS-OTROS,,,16,9.641791,-73.793793,Muy Bajo,EL PASO,CESAR,20250
17,3G012,ANI,RutaSol3_Tramo6_BoscoValled,Doble,40,10.047364,-73.790396,Medio,VALLEDUPAR,CESAR,20001
3,,INVIAS-OTROS,Zipaq_Tramo_1ZipaPteOtero,Sencilla,57,5.656457,-73.788986,Muy Bajo,SABOYÁ,BOYACÁ,15632
5,3G012,ANI,RutaSol3_Tramo2_LaLomaBosconia,Doble,68,9.820876,-73.783622,Muy Bajo,EL PASO,CESAR,20250
6,,INVIAS-OTROS,,,32,8.87752,-73.778824,Muy Bajo,TAMALAMEQUE,CESAR,20787
10,3G012,ANI,RutaSol3_Tramo6_BoscoValled,Doble,42,10.058524,-73.778154,Bajo,VALLEDUPAR,CESAR,20001
3,,INVIAS-OTROS,,,18,9.651404,-73.777599,Muy Bajo,EL PASO,CESAR,20250
17,3G012,ANI,RutaSol3_Tramo6_BoscoValled,Doble,44,10.070081,-73.770747,Medio,VALLEDUPAR,CESAR,20001
9,3G012,ANI,RutaSol3_Tramo2_LaLomaBosconia,Doble,66,9.806665,-73.770484,Bajo,EL PASO,CESAR,20250
4,,INVIAS-OTROS,,,20,9.661102,-73.765183,Muy Bajo,EL PASO,CESAR,20250
8,4G023,ANI,BBY_Tramo_23LaVirgenLaLizama,Doble,12,7.047547,-73.75454,Bajo,BARRANCABERMEJA,SANTANDER,68081
5,3G012,ANI,RutaSol3_Tramo6_BoscoValled,Doble,46,10.075716,-73.754482,Muy Bajo,VALLEDUPAR,CESAR,20001
7,3G012,ANI,RutaSol3_Tramo2_LaLomaBosconia,Doble,62,9.78894,-73.754311,Bajo,EL PASO,CESAR,20250
8,1G003,ANI,,,50,11.249622,-73.752846,Bajo,SANTA MARTA,MAGDALENA,47001
3,3G012,ANI,RutaSol3_Tramo2_LaLomaBosconia,Doble,62,9.778948,-73.745327,Muy Bajo,EL PASO,CESAR,20250
4,,INVIAS-OTROS,,,35,8.877154,-73.744068,Muy Bajo,TAMALAMEQUE,CESAR,20787
5,1G003,ANI,,,52,11.246309,-73.737042,Muy Bajo,SANTA MARTA,MAGDALENA,47001
6,3G012,ANI,RutaSol3_Tramo2_LaLomaBosconia,Doble,60,9.767819,-73.735314,Muy Bajo,EL PASO,CESAR,20250
6,,INVIAS-OTROS,,,28,9.706736,-73.732681,Muy Bajo,EL PASO,CESAR,20250
9,3G012,ANI,RutaSol3_Tramo6_BoscoValled,Doble,50,10.092735,-73.729324,Bajo,VALLEDUPAR,CESAR,20001
6,3G012,ANI,RutaSol3_Tramo2_LaLomaBosconia,Doble,58,9.756832,-73.725128,Muy Bajo,EL PASO,CESAR,20250
6,1G003,ANI,,,54,11.242941,-73.722596,Muy Bajo,SANTA MARTA,MAGDALENA,47001
7,3G012,ANI,RutaSol3_Tramo6_BoscoValled,Doble,50,10.099508,-73.719601,Bajo,VALLEDUPAR,CESAR,20001
6,,INVIAS-OTROS,,,39,8.876438,-73.716331,Muy Bajo,TAMALAMEQUE,CESAR,20787
3,3G012,ANI,RutaSol3_Tramo2_LaLomaBosconia,Doble,30,9.733629,-73.714771,Muy Bajo,EL PASO,CESAR,20250
4,3G001,ANI,Briceno_Tramo_6SisgaChoconta,Doble,1,5.098772,-73.711138,Muy Bajo,CHOCONTÁ,CUNDINAMARCA,25183
3,1G003,ANI,,,56,11.240702,-73.707676,Muy Bajo,SANTA MARTA,MAGDALENA,47001
4,4G023,ANI,BBY_Tramo_23LaVirgenLaLizama,Doble,20,7.089916,-73.707104,Muy Bajo,BARRANCABERMEJA,SANTANDER,68081
9,3G012,ANI,RutaSol3_Tramo6_BoscoValled,Doble,52,10.106857,-73.706145,Bajo,VALLEDUPAR,CESAR,20001
2,3G012,ANI,RutaSol3_Tramo2_LaLomaBosconia,Doble,54,9.728565,-73.700409,Muy Bajo,EL PASO,CESAR,20250
2,4G023,ANI,BBY_Tramo_23LaVirgenLaLizama,Doble,22,7.099743,-73.691654,Muy Bajo,BARRANCABERMEJA,SANTANDER,68081
11,3G012,ANI,RutaSol3_Tramo6_BoscoValled,Doble,54,10.11574,-73.690767,Bajo,VALLEDUPAR,CESAR,20001
3,3G012,ANI,RutaSol3_Tramo2_LaLomaBosconia,Doble,52,9.713259,-73.690167,Muy Bajo,EL PASO,CESAR,20250
4,,INVIAS-OTROS,RutaSol2_Tramo_MataSanR,Doble,21,8.784728,-73.6835,Muy Bajo,PELAYA,CESAR,20550
14,,INVIAS-OTROS,RutaSol2_Tramo_MataSanR,Doble,19,8.764382,-73.68346,Bajo,PELAYA,CESAR,20550
3,,INVIAS-OTROS,RutaSol2_Tramo_MataSanR,Doble,17,8.747492,-73.681469,Muy Bajo,PELAYA,CESAR,20550
4,,INVIAS-OTROS,RutaSol2_Tramo_MataSanR,Doble,23,8.798075,-73.681011,Muy Bajo,PELAYA,CESAR,20550
4,3G012,ANI,RutaSol3_Tramo2_LaLomaBosconia,Doble,50,9.698739,-73.680411,Muy Bajo,EL PASO,CESAR,20250
9,4G023,ANI,BBY_Tramo_23LaVirgenLaLizama,Doble,22,7.10351,-73.679295,Bajo,BARRANCABERMEJA,SANTANDER,68081
3,,INVIAS-OTROS,RutaSol2_Tramo_MataSanR,Doble,25,8.814769,-73.678093,Muy Bajo,PELAYA,CESAR,20550
5,,INVIAS-OTROS,RutaSol2_Tramo_MataSanR,Doble,15,8.730383,-73.676548,Muy Bajo,PELAYA,CESAR,20550
8,1G003,ANI,,,60,11.24485,-73.673687,Bajo,SANTA MARTA,MAGDALENA,47001
2,3G012,ANI,RutaSol3_Tramo2_LaLomaBosconia,Doble,48,9.687281,-73.672772,Muy Bajo,EL PASO,CESAR,20250
4,3G012,ANI,RutaSol3_Tramo6_BoscoValled,Doble,56,10.125618,-73.672514,Muy Bajo,VALLEDUPAR,CESAR,20001
3,,INVIAS-OTROS,RutaSol2_Tramo_MataSanR,Doble,13,8.710184,-73.672428,Muy Bajo,PELAYA,CESAR,20550
4,,INVIAS-OTROS,,,31,8.875866,-73.67054,Muy Bajo,PAILITAS,CESAR,20517
3,3G012,ANI,RutaSol3_Tramo2_LaLomaBosconia,Doble,46,9.675036,-73.664417,Muy Bajo,EL PASO,CESAR,20250
8,4G023,ANI,BBY_Tramo_23LaVirgenLaLizama,Doble,24,7.106438,-73.663373,Bajo,BARRANCABERMEJA,SANTANDER,68081
2,,INVIAS-OTROS,RutaSol2_Tramo_PtoAraLiza,Doble,141,7.047301,-73.657494,Muy Bajo,BARRANCABERMEJA,SANTANDER,68081
6,3G012,ANI,RutaSol3_Tramo6_BoscoValled,Doble,59,10.13639,-73.657065,Muy Bajo,VALLEDUPAR,CESAR,20001
8,1G003,ANI,SMartaP_Tramo_1SMartaRioPal,Doble,62,11.252918,-73.655892,Bajo,SANTA MARTA,MAGDALENA,47001
2,3G012,ANI,RutaSol3_Tramo2_LaLomaBosconia,Doble,44,9.656897,-73.652172,Muy Bajo,EL PASO,CESAR,20250
4,,INVIAS-OTROS,RutaSol2_Tramo_MataSanR,Doble,57,9.098783,-73.649769,Muy Bajo,CURUMANÍ,CESAR,20228
6,,INVIAS-OTROS,RutaSol2_Tramo_MataSanR,Doble,5,8.658772,-73.64954,Muy Bajo,PELAYA,CESAR,20550
2,,INVIAS-OTROS,RutaSol2_Tramo_MataSanR,Doble,61,9.129896,-73.649082,Muy Bajo,CURUMANÍ,CESAR,20228
7,,INVIAS-OTROS,RutaSol2_Tramo_MataSanR,Doble,53,9.062262,-73.646826,Bajo,CHIMICHAGUA,CESAR,20175
10,,INVIAS-OTROS,RutaSol2_Tramo_MataSanR,Doble,51,9.04645,-73.641873,Bajo,CHIMICHAGUA,CESAR,20175
3,,INVIAS-OTROS,RutaSol2_Tramo_AguaMata,Doble,90,8.512831,-73.639813,Muy Bajo,LA GLORIA,CESAR,20383
3,,INVIAS-OTROS,RutaSol2_Tramo_AguaMata,Doble,92,8.527765,-73.639241,Muy Bajo,LA GLORIA,CESAR,20383
3,,INVIAS-OTROS,RutaSol2_Tramo_AguaMata,Doble,92,8.544131,-73.638668,Muy Bajo,LA GLORIA,CESAR,20383
2,,INVIAS-OTROS,RutaSol2_Tramo_MataSanR,Doble,3,8.640662,-73.638439,Muy Bajo,LA GLORIA,CESAR,20383
4,,INVIAS-OTROS,RutaSol2_Tramo_AguaMata,Doble,94,8.559208,-73.637924,Muy Bajo,LA GLORIA,CESAR,20383
9,4G023,ANI,BBY_Tramo_23LaVirgenLaLizama,Doble,28,7.113962,-73.637753,Bajo,BARRANCABERMEJA,SANTANDER,68081
3,,INVIAS-OTROS,RutaSol2_Tramo_AguaMata,Doble,96,8.580752,-73.637181,Muy Bajo,LA GLORIA,CESAR,20383
3,,INVIAS-OTROS,RutaSol2_Tramo_AguaMata,Doble,86,8.482619,-73.636723,Muy Bajo,AGUACHICA,CESAR,20011
8,,INVIAS-OTROS,RutaSol2_Tramo_MataSanR,Doble,1,8.626046,-73.636404,Bajo,LA GLORIA,CESAR,20383
2,,INVIAS-OTROS,RutaSol2_Tramo_AguaMata,Doble,98,8.59603,-73.636208,Muy Bajo,LA GLORIA,CESAR,20383
7,,INVIAS-OTROS,RutaSol2_Tramo_MataSanR,Doble,49,9.022711,-73.634714,Bajo,PAILITAS,CESAR,20517
13,,INVIAS-OTROS,RutaSol2_Tramo_AguaMata,Doble,85,8.468076,-73.633501,Bajo,AGUACHICA,CESAR,20011
2,,INVIAS-OTROS,RutaSol2_Tramo_MataSanR,Doble,63,9.14217,-73.633461,Muy Bajo,CURUMANÍ,CESAR,20228
10,,INVIAS-OTROS,RutaSol2_Tramo_MataSanR,Doble,47,9.001222,-73.62947,Bajo,PAILITAS,CESAR,20517
3,3G012,ANI,RutaSol3_Tramo2_LaLomaBosconia,Doble,40,9.62205,-73.628369,Muy Bajo,EL PASO,CESAR,20250
3,,INVIAS-OTROS,RutaSol2_Tramo_MataSanR,Doble,43,8.973513,-73.62814,Muy Bajo,PAILITAS,CESAR,20517
6,,INVIAS-OTROS,RutaSol2_Tramo_AguaMata,Doble,81,8.445196,-73.628025,Muy Bajo,AGUACHICA,CESAR,20011
3,3G012,ANI,RutaSol3_Tramo6_BoscoValled,Doble,62,10.156431,-73.626538,Muy Bajo,VALLEDUPAR,CESAR,20001
6,,INVIAS-OTROS,RutaSol2_Tramo_AguaMata,Doble,79,8.426199,-73.623448,Muy Bajo,AGUACHICA,CESAR,20011
8,,INVIAS-OTROS,RutaSol2_Tramo_AguaMata,Doble,77,8.410571,-73.6196,Bajo,AGUACHICA,CESAR,20011
4,,INVIAS-OTROS,RutaSol2_Tramo_AguaMata,Doble,75,8.393383,-73.615179,Muy Bajo,AGUACHICA,CESAR,20011
10,,INVIAS-OTROS,RutaSol2_Tramo_AguaMata,Doble,73,8.371231,-73.606788,Bajo,AGUACHICA,CESAR,20011
8,,INVIAS-OTROS,RutaSol2_Tramo_SanAlbAgua,Doble,1,8.263622,-73.603649,Bajo,AGUACHICA,CESAR,20011
7,,INVIAS-OTROS,RutaSol2_Tramo_SanAlbAgua,Doble,57,8.238673,-73.603535,Bajo,AGUACHICA,CESAR,20011
3,1G003,ANI,SMartaP_Tramo_1SMartaRioPal,Doble,68,11.260786,-73.602619,Muy Bajo,SANTA MARTA,MAGDALENA,47001
3,,INVIAS-OTROS,RutaSol2_Tramo_SanAlbAgua,Doble,57,8.223696,-73.602505,Muy Bajo,AGUACHICA,CESAR,20011
6,3G012,ANI,RutaSol3_Tramo1_SanRoqueLaLoma,Doble,36,9.598131,-73.602047,Muy Bajo,EL PASO,CESAR,20250
2,,INVIAS-OTROS,RutaSol2_Tramo_SanAlbAgua,Doble,63,8.28455,-73.601189,Muy Bajo,AGUACHICA,CESAR,20011
4,3G012,ANI,RutaSol3_Tramo6_BoscoValled,Doble,67,10.1752,-73.599243,Muy Bajo,VALLEDUPAR,CESAR,20001
2,3G012,ANI,RutaSol3_Tramo1_SanRoqueLaLoma,Doble,34,9.582224,-73.593807,Muy Bajo,CHIRIGUANÁ,CESAR,20178
2,,INVIAS-OTROS,RutaSol2_Tramo_AguaMata,Doble,67,8.326607,-73.590889,Muy Bajo,AGUACHICA,CESAR,20011
2,,INVIAS-OTROS,RutaSol2_Tramo_MataSanR,Doble,71,9.180451,-73.590203,Muy Bajo,CURUMANÍ,CESAR,20228
7,3G012,ANI,RutaSol3_Tramo1_SanRoqueLaLoma,Doble,32,9.565552,-73.588815,Bajo,CHIRIGUANÁ,CESAR,20178
4,3G012,ANI,RutaSol3_Tramo1_SanRoqueLaLoma,Doble,30,9.54742,-73.583508,Muy Bajo,CHIRIGUANÁ,CESAR,20178
9,1G003,ANI,SMartaP_Tramo_1SMartaRioPal,Doble,70,11.256266,-73.582192,Bajo,SANTA MARTA,MAGDALENA,47001
2,,INVIAS-OTROS,RutaSol2_Tramo_SanAlbAgua,Doble,45,8.130999,-73.580761,Muy Bajo,RIO DE ORO,CESAR,20614
4,3G012,ANI,RutaSol3_Tramo1_SanRoqueLaLoma,Doble,28,9.527979,-73.577757,Muy Bajo,CHIRIGUANÁ,CESAR,20178
9,3G012,ANI,RutaSol3_Tramo6_BoscoValled,Doble,69,10.192766,-73.576784,Bajo,VALLEDUPAR,CESAR,20001
3,,INVIAS-OTROS,RutaSol2_Tramo_LizaSanAlb,Doble,56,7.558565,-73.573551,Muy Bajo,SABANA DE TORRES,SANTANDER,68655
4,3G012,ANI,RutaSol3_Tramo1_SanRoqueLaLoma,Doble,26,9.509654,-73.57235,Muy Bajo,CHIRIGUANÁ,CESAR,20178
2,,INVIAS-OTROS,RutaSol2_Tramo_LizaSanAlb,Doble,54,7.543917,-73.572178,Muy Bajo,SABANA DE TORRES,SANTANDER,68655
2,,INVIAS-OTROS,RutaSol2_Tramo_SanAlbAgua,Doble,41,8.110056,-73.569431,Muy Bajo,RIO DE ORO,CESAR,20614
2,,INVIAS-OTROS,,,37,5.619335,-73.568402,Muy Bajo,SÁCHICA,BOYACÁ,15638
2,3G012,ANI,RutaSol3_Tramo1_SanRoqueLaLoma,Doble,24,9.495707,-73.568402,Muy Bajo,CHIRIGUANÁ,CESAR,20178
3,3G012,ANI,RutaSol3_Tramo1_SanRoqueLaLoma,Doble,22,9.480257,-73.563709,Muy Bajo,CHIRIGUANÁ,CESAR,20178
8,3G012,ANI,RutaSol3_Tramo6_BoscoValled,Doble,71,10.198896,-73.560848,Bajo,VALLEDUPAR,CESAR,20001
2,3G012,ANI,RutaSol3_Tramo1_SanRoqueLaLoma,Doble,20,9.467211,-73.55999,Muy Bajo,CHIRIGUANÁ,CESAR,20178
3,3G012,ANI,RutaSol3_Tramo1_SanRoqueLaLoma,Doble,20,9.454451,-73.556156,Muy Bajo,CHIRIGUANÁ,CESAR,20178
3,,INVIAS-OTROS,RutaSol2_Tramo_LizaSanAlb,Doble,50,7.507754,-73.555813,Muy Bajo,SABANA DE TORRES,SANTANDER,68655
4,,INVIAS-OTROS,RutaSol2_Tramo_LizaSanAlb,Doble,48,7.488599,-73.553896,Muy Bajo,SABANA DE TORRES,SANTANDER,68655
2,,INVIAS-OTROS,RutaSol2_Tramo_LizaSanAlb,Doble,46,7.464094,-73.552094,Muy Bajo,SABANA DE TORRES,SANTANDER,68655
11,3G012,ANI,RutaSol3_Tramo6_BoscoValled,Doble,73,10.203931,-73.547811,Bajo,VALLEDUPAR,CESAR,20001
6,3G012,ANI,RutaSol3_Tramo1_SanRoqueLaLoma,Doble,16,9.420576,-73.547116,Muy Bajo,CHIRIGUANÁ,CESAR,20178
4,,INVIAS-OTROS,RutaSol2_Tramo_SanAlbAgua,Doble,35,8.062592,-73.544483,Muy Bajo,SAN MARTÍN,CESAR,20770
5,,INVIAS-OTROS,RutaSol2_Tramo_LizaSanAlb,Doble,42,7.44377,-73.5443,Muy Bajo,SABANA DE TORRES,SANTANDER,68655
2,,INVIAS-OTROS,RutaSol2_Tramo_LizaSanAlb,Doble,40,7.427702,-73.542824,Muy Bajo,SABANA DE TORRES,SANTANDER,68655
3,3G012,ANI,RutaSol3_Tramo1_SanRoqueLaLoma,Doble,14,9.401808,-73.541966,Muy Bajo,CHIRIGUANÁ,CESAR,20178
7,4G023,ANI,BBY_Tramo_31LaFortunaPteLaPaz,Doble,3,7.13641,-73.537897,Bajo,SAN VICENTE DE CHUCURÍ,SANTANDER,68689
3,3G012,ANI,RutaSol3_Tramo1_SanRoqueLaLoma,Doble,12,9.385414,-73.537073,Muy Bajo,CHIRIGUANÁ,CESAR,20178
5,3G012,ANI,RutaSol3_Tramo6_BoscoValled,Doble,75,10.209303,-73.533245,Muy Bajo,VALLEDUPAR,CESAR,20001
5,3G012,ANI,RutaSol3_Tramo1_SanRoqueLaLoma,Doble,8,9.357588,-73.528851,Muy Bajo,CHIRIGUANÁ,CESAR,20178
12,3G012,ANI,RutaSol3_Tramo1_SanRoqueLaLoma,Doble,6,9.346494,-73.525533,Bajo,CHIRIGUANÁ,CESAR,20178
15,3G012,ANI,RutaSol3_Tramo1_SanRoqueLaLoma,Doble,6,9.333165,-73.521524,Medio,CHIRIGUANÁ,CESAR,20178
4,,INVIAS-OTROS,RutaSol2_Tramo_SanAlbAgua,Doble,31,8.018418,-73.521137,Muy Bajo,SAN MARTÍN,CESAR,20770
2,,INVIAS-OTROS,,,70,7.674465,-73.519821,Muy Bajo,LA ESPERANZA,NORTE DE SANTANDER,54385
2,4G020,ANI,Villavicencio_Tramo_UF124,Doble,21,4.269648,-73.519478,Muy Bajo,RESTREPO,META,50606
4,4G023,ANI,BBY_Tramo_31LaFortunaPteLaPaz,Doble,5,7.129183,-73.519392,Muy Bajo,SAN VICENTE DE CHUCURÍ,SANTANDER,68689
19,3G012,ANI,RutaSol3_Tramo6_BoscoValled,Doble,77,10.212324,-73.517016,Medio,VALLEDUPAR,CESAR,20001
3,3G012,ANI,RutaSol3_Tramo1_SanRoqueLaLoma,Doble,4,9.316607,-73.516445,Muy Bajo,CURUMANÍ,CESAR,20228
2,,INVIAS-OTROS,RutaSol2_Tramo_MataSanR,Doble,81,9.23358,-73.516045,Muy Bajo,CURUMANÍ,CESAR,20228
3,1G003,ANI,,,5,11.241903,-73.51347,Muy Bajo,DIBULLA,LA GUAJIRA,44090
7,3G012,ANI,RutaSol3_Tramo1_SanRoqueLaLoma,Doble,2,9.301987,-73.513112,Bajo,CURUMANÍ,CESAR,20228
4,,INVIAS-OTROS,RutaSol2_Tramo_SanAlbAgua,Doble,27,7.985831,-73.504372,Muy Bajo,SAN MARTÍN,CESAR,20770
2,,INVIAS-OTROS,,,22,5.821123,-73.504028,Muy Bajo,MONIQUIRÁ,BOYACÁ,15469
2,3G012,ANI,RutaSol3_Tramo6_BoscoValled,Doble,79,10.219689,-73.501282,Muy Bajo,VALLEDUPAR,CESAR,20001
12,4G023,ANI,BBY_Tramo_31LaFortunaPteLaPaz,Doble,7,7.131915,-73.499651,Bajo,BETULIA,SANTANDER,68092
3,3G012,ANI,RutaSol3_Tramo6_BoscoValled,Doble,81,10.230418,-73.480625,Muy Bajo,VALLEDUPAR,CESAR,20001
7,4G023,ANI,BBY_Tramo_31LaFortunaPteLaPaz,Doble,9,7.130581,-73.476832,Bajo,BETULIA,SANTANDER,68092
6,1G003,ANI,,,12,11.216412,-73.475418,Muy Bajo,DIBULLA,LA GUAJIRA,44090
2,,INVIAS-OTROS,RutaSol2_Tramo_SanAlbAgua,Doble,19,7.924919,-73.472614,Muy Bajo,SAN MARTÍN,CESAR,20770
11,3G012,ANI,RutaSol3_Tramo6_BoscoValled,Doble,83,10.23485,-73.4692,Bajo,VALLEDUPAR,CESAR,20001
2,,INVIAS-OTROS,RutaSol2_Tramo_SanAlbAgua,Doble,17,7.90844,-73.464375,Muy Bajo,SAN MARTÍN,CESAR,20770
3,4G020,ANI,Villavicencio_Tramo_UF125,Sencilla,29,4.261751,-73.45808,Muy Bajo,CUMARAL,META,50226
10,4G023,ANI,BBY_Tramo_31LaFortunaPteLaPaz,Doble,13,7.125721,-73.457328,Bajo,BETULIA,SANTANDER,68092
5,3G012,ANI,RutaSol3_Tramo6_BoscoValled,Doble,85,10.243223,-73.45689,Muy Bajo,VALLEDUPAR,CESAR,20001
2,,INVIAS-OTROS,RutaSol2_Tramo_SanAlbAgua,Doble,13,7.883034,-73.451157,Muy Bajo,SAN ALBERTO,CESAR,20710
14,3G012,ANI,RutaSol3_Tramo6_BoscoValled,Doble,85,10.250134,-73.444634,Bajo,VALLEDUPAR,CESAR,20001
6,,INVIAS-OTROS,RutaSol2_Tramo_SanAlbAgua,Doble,13,7.869959,-73.444462,Muy Bajo,SAN ALBERTO,CESAR,20710
2,1G003,ANI,,,16,11.20554,-73.438797,Muy Bajo,DIBULLA,LA GUAJIRA,44090
11,,INVIAS-OTROS,RutaSol2_Tramo_SanAlbAgua,Doble,9,7.851866,-73.435272,Bajo,SAN ALBERTO,CESAR,20710
2,4G012,ANI,MVM2_Tramo_UF6,Sencilla,21,4.059964,-73.434677,Muy Bajo,VILLAVICENCIO,META,50001
2,3G012,ANI,RutaSol3_Tramo6_BoscoValled,Doble,87,10.259686,-73.430729,Muy Bajo,VALLEDUPAR,CESAR,20001
5,,INVIAS-OTROS,RutaSol2_Tramo_SanAlbAgua,Doble,7,7.829836,-73.424137,Muy Bajo,SAN ALBERTO,CESAR,20710
3,4G023,ANI,BBY_Tramo_32PteLaPazCapitanc,Sencilla,17,7.106953,-73.420773,Muy Bajo,BETULIA,SANTANDER,68092
5,,INVIAS-OTROS,RutaSol2_Tramo_SanAlbAgua,Doble,5,7.814133,-73.416438,Muy Bajo,SAN ALBERTO,CESAR,20710
13,3G012,ANI,RutaSol3_Tramo6_BoscoValled,Doble,89,10.269066,-73.416436,Bajo,VALLEDUPAR,CESAR,20001
2,4G020,ANI,Villavicencio_Tramo_UF2,Sencilla,34,4.290161,-73.415966,Muy Bajo,CUMARAL,META,50226
2,4G012,ANI,MVM2_Tramo_UF6,Sencilla,24,4.062538,-73.409958,Muy Bajo,VILLAVICENCIO,META,50001
3,,INVIAS-OTROS,RutaSol2_Tramo_SanAlbAgua,Doble,3,7.796717,-73.40807,Muy Bajo,SAN ALBERTO,CESAR,20710
2,4G020,ANI,Villavicencio_Tramo_UF2,Sencilla,38,4.323635,-73.404808,Muy Bajo,PARATEBUENO,CUNDINAMARCA,25530
7,3G012,ANI,RutaSol3_Tramo6_BoscoValled,Doble,91,10.281413,-73.404465,Bajo,VALLEDUPAR,CESAR,20001
2,,INVIAS-OTROS,RutaSol2_Tramo_SanAlbAgua,Doble,90,7.766133,-73.399487,Muy Bajo,SAN ALBERTO,CESAR,20710
14,3G012,ANI,RutaSol3_Tramo6_BoscoValled,Doble,93,10.291019,-73.397166,Bajo,VALLEDUPAR,CESAR,20001
2,4G020,ANI,Villavicencio_Tramo_UF2,Sencilla,41,4.331618,-73.392792,Muy Bajo,PARATEBUENO,CUNDINAMARCA,25530
12,3G012,ANI,RutaSol3_Tramo6_BoscoValled,Doble,95,10.313194,-73.385282,Bajo,VALLEDUPAR,CESAR,20001
5,4G023,ANI,BBY_Tramo_32PteLaPazCapitanc,Sencilla,sd,7.092769,-73.381891,Muy Bajo,GIRÓN,SANTANDER,68307
7,3G012,ANI,RutaSol3_Tramo6_BoscoValled,Doble,97,10.322538,-73.3718,Bajo,VALLEDUPAR,CESAR,20001
10,3G012,ANI,RutaSol3_Tramo6_BoscoValled,Doble,99,10.331912,-73.358864,Bajo,VALLEDUPAR,CESAR,20001
5,1G003,ANI,SMartaP_Tramo_2RioPalRioha,Doble,26,11.216741,-73.353682,Muy Bajo,DIBULLA,LA GUAJIRA,44090
2,,INVIAS-OTROS,,,63,5.589895,-73.35228,Muy Bajo,MOTAVITA,BOYACÁ,15476
2,,INVIAS-OTROS,,,55,5.628863,-73.351421,Muy Bajo,CÓMBITA,BOYACÁ,15204
11,3G012,ANI,RutaSol3_Tramo6_BoscoValled,Doble,102,10.343211,-73.343133,Bajo,VALLEDUPAR,CESAR,20001
5,1G003,ANI,SMartaP_Tramo_2RioPalRioha,Doble,28,11.21517,-73.334736,Muy Bajo,DIBULLA,LA GUAJIRA,44090
9,3G012,ANI,RutaSol3_Tramo6_BoscoValled,Doble,104,10.352445,-73.330243,Bajo,VALLEDUPAR,CESAR,20001
2,4G020,ANI,Villavicencio_Tramo_UF2,Sencilla,49,4.354105,-73.326531,Muy Bajo,PARATEBUENO,CUNDINAMARCA,25530
2,4G012,ANI,MVM2_Tramo_UF6,Sencilla,34,4.100733,-73.322926,Muy Bajo,VILLAVICENCIO,META,50001
6,3G012,ANI,RutaSol3_Tramo6_BoscoValled,Doble,104,10.359063,-73.321009,Muy Bajo,VALLEDUPAR,CESAR,20001
2,1G003,ANI,SMartaP_Tramo_2RioPalRioha,Doble,30,11.213608,-73.314343,Muy Bajo,DIBULLA,LA GUAJIRA,44090
8,3G012,ANI,RutaSol3_Tramo6_BoscoValled,Doble,106,10.369957,-73.314257,Bajo,VALLEDUPAR,CESAR,20001
5,3G012,ANI,RutaSol3_Tramo6_BoscoValled,Doble,108,10.381943,-73.309158,Muy Bajo,VALLEDUPAR,CESAR,20001
2,4G023,ANI,BBY_Tramo_33CapitancitoLisboa,Sencilla,39,7.149267,-73.305931,Muy Bajo,LEBRIJA,SANTANDER,68406
2,4G020,ANI,Villavicencio_Tramo_UF2,Sencilla,53,4.369469,-73.305073,Muy Bajo,PARATEBUENO,CUNDINAMARCA,25530
7,3G012,ANI,,,108,10.396507,-73.303843,Bajo,VALLEDUPAR,CESAR,20001
2,1G003,ANI,SMartaP_Tramo_2RioPalRioha,Doble,32,11.216011,-73.293228,Muy Bajo,DIBULLA,LA GUAJIRA,44090
4,3G012,ANI,,,110,10.406628,-73.292971,Muy Bajo,VALLEDUPAR,CESAR,20001
2,3G001,ANI,Briceno_Tramo_13BFinVteMortinal,Doble,10,5.638561,-73.289623,Muy Bajo,OICATÁ,BOYACÁ,15500
5,4G023,ANI,BBY_Tramo_8LisboaPortugal,Doble,43,7.162142,-73.28589,Muy Bajo,LEBRIJA,SANTANDER,68406
5,3G012,ANI,RutaSol3_Tramo6_BoscoValled,Doble,114,10.423994,-73.278637,Muy Bajo,VALLEDUPAR,CESAR,20001
6,4G023,ANI,BBY_Tramo_8LisboaPortugal,Doble,49,7.148495,-73.278088,Muy Bajo,LEBRIJA,SANTANDER,68406
3,1G003,ANI,SMartaP_Tramo_2RioPalRioha,Doble,36,11.226282,-73.270626,Muy Bajo,DIBULLA,LA GUAJIRA,44090
2,3G012,ANI,,,116,10.4389,-73.267136,Muy Bajo,VALLEDUPAR,CESAR,20001
2,1G003,ANI,SMartaP_Tramo_2RioPalRioha,Doble,40,11.22056,-73.23864,Muy Bajo,DIBULLA,LA GUAJIRA,44090
4,3G001,ANI,Briceno_Tramo_14MortinalPaipa,Doble,22,5.724964,-73.223305,Muy Bajo,TUTA,BOYACÁ,15837
7,,INVIAS-OTROS,CesarLaG_Tramo_Tramo4,Sencilla,17,10.6202,-73.219551,Bajo,VALLEDUPAR,CESAR,20001
2,1G003,ANI,SMartaP_Tramo_2RioPalRioha,Doble,42,11.230946,-73.219242,Muy Bajo,DIBULLA,LA GUAJIRA,44090
2,1G003,ANI,SMartaP_Tramo_2RioPalRioha,Doble,44,11.237126,-73.207569,Muy Bajo,DIBULLA,LA GUAJIRA,44090
2,,INVIAS-OTROS,CesarLaG_Tramo_Tramo4,Sencilla,19,10.634852,-73.206196,Muy Bajo,VALLEDUPAR,CESAR,20001
2,,DEPTO,,,63,7.10558,-73.198128,Muy Bajo,LEBRIJA,SANTANDER,68406
3,1G003,ANI,,,46,11.244786,-73.19345,Muy Bajo,DIBULLA,LA GUAJIRA,44090
2,4G020,ANI,Villavicencio_Tramo_UF3,Sencilla,69,4.383889,-73.192292,Muy Bajo,PARATEBUENO,CUNDINAMARCA,25530
2,3G001,ANI,Briceno_Tramo_14MortinalPaipa,Doble,27,5.749283,-73.188858,Muy Bajo,SOTAQUIRÁ,BOYACÁ,15763
2,4G020,ANI,Villavicencio_Tramo_UF3,Sencilla,71,4.394446,-73.181305,Muy Bajo,PARATEBUENO,CUNDINAMARCA,25530
3,1G003,ANI,,,48,11.253348,-73.177128,Muy Bajo,DIBULLA,LA GUAJIRA,44090
2,1G003,ANI,,,48,11.259785,-73.164482,Muy Bajo,DIBULLA,LA GUAJIRA,44090
3,4G020,ANI,Villavicencio_Tramo_UF3,Sencilla,77,4.447432,-73.160649,Muy Bajo,PARATEBUENO,CUNDINAMARCA,25530
2,4G020,ANI,Villavicencio_Tramo_UF3,Sencilla,79,4.460535,-73.152123,Muy Bajo,PARATEBUENO,CUNDINAMARCA,25530
3,4G020,ANI,Villavicencio_Tramo_UF3,Sencilla,81,4.471579,-73.145428,Muy Bajo,PARATEBUENO,CUNDINAMARCA,25530
3,1G003,ANI,,,52,11.26874,-73.134899,Muy Bajo,RIOHACHA,LA GUAJIRA,44001
3,1G003,ANI,SMartaP_Tramo_2RioPalRioha,Doble,56,11.292358,-73.115816,Muy Bajo,RIOHACHA,LA GUAJIRA,44001
6,1G003,ANI,SMartaP_Tramo_2RioPalRioha,Doble,58,11.3132,-73.107491,Muy Bajo,RIOHACHA,LA GUAJIRA,44001
8,1G003,ANI,SMartaP_Tramo_2RioPalRioha,Doble,62,11.344979,-73.094831,Bajo,RIOHACHA,LA GUAJIRA,44001
2,,INVIAS-OTROS,CesarLaG_Tramo_Tramo4,Sencilla,37,10.716734,-73.094101,Muy Bajo,SAN JUAN DEL CESAR,LA GUAJIRA,44650
4,4G020,ANI,Villavicencio_Tramo_UF3,Sencilla,89,4.504566,-73.091011,Muy Bajo,PARATEBUENO,CUNDINAMARCA,25530
3,,INVIAS-OTROS,CesarLaG_Tramo_Tramo4,Sencilla,39,10.728922,-73.086376,Muy Bajo,SAN JUAN DEL CESAR,LA GUAJIRA,44650
6,1G003,ANI,SMartaP_Tramo_2RioPalRioha,Doble,66,11.382319,-73.077815,Muy Bajo,RIOHACHA,LA GUAJIRA,44001
4,1G003,ANI,SMartaP_Tramo_2RioPalRioha,Doble,70,11.40451,-73.065005,Muy Bajo,RIOHACHA,LA GUAJIRA,44001
3,1G003,ANI,SMartaP_Tramo_2RioPalRioha,Doble,72,11.423922,-73.057308,Muy Bajo,RIOHACHA,LA GUAJIRA,44001
2,4G012,ANI,MVM2_Tramo_UF6,Sencilla,66,4.064341,-73.057022,Muy Bajo,PUERTO LÓPEZ,META,50573
2,1G003,ANI,SMartaP_Tramo_2RioPalRioha,Doble,74,11.434708,-73.049641,Muy Bajo,RIOHACHA,LA GUAJIRA,44001
3,4G020,ANI,Villavicencio_Tramo_UF3,Sencilla,97,4.559012,-73.047123,Muy Bajo,BARRANCA DE UPÍA,META,50110
5,,INVIAS-OTROS,CesarLaG_Tramo_Tramo4,Sencilla,45,10.760894,-73.040285,Muy Bajo,SAN JUAN DEL CESAR,LA GUAJIRA,44650
4,1G003,ANI,SMartaP_Tramo_2RioPalRioha,Doble,78,11.466208,-73.02475,Muy Bajo,RIOHACHA,LA GUAJIRA,44001
3,4G020,ANI,Villavicencio_Tramo_UF3,Sencilla,101,4.567995,-73.023033,Muy Bajo,BARRANCA DE UPÍA,META,50110
4,1G003,ANI,SMartaP_Tramo_2RioPalRioha,Doble,80,11.47934,-73.012963,Muy Bajo,RIOHACHA,LA GUAJIRA,44001
4,,INVIAS-OTROS,,,49,10.783897,-73.011704,Muy Bajo,SAN JUAN DEL CESAR,LA GUAJIRA,44650
2,4G020,ANI,Villavicencio_Tramo_UF4,Sencilla,32,4.778796,-73.000546,Muy Bajo,SABANALARGA,CASANARE,85300
2,,INVIAS-OTROS,CesarLaG_Tramo_Tramo4,Sencilla,59,10.783854,-72.998314,Muy Bajo,SAN JUAN DEL CESAR,LA GUAJIRA,44650
2,4G012,ANI,MVM2_Tramo_UF6,Sencilla,74,4.07301,-72.997112,Muy Bajo,PUERTO LÓPEZ,META,50573
2,,INVIAS-OTROS,,,11,5.870304,-72.988701,Muy Bajo,SANTA ROSA DE VITERBO,BOYACÁ,15693
3,1G003,ANI,SMartaP_Tramo_2RioPalRioha,Doble,84,11.503887,-72.979946,Muy Bajo,RIOHACHA,LA GUAJIRA,44001
2,4G012,ANI,MVM2_Tramo_UF6,Sencilla,77,4.076271,-72.978401,Muy Bajo,PUERTO LÓPEZ,META,50573
3,4G020,ANI,Villavicencio_Tramo_UF4,Sencilla,38,4.820051,-72.969876,Muy Bajo,SABANALARGA,CASANARE,85300
2,4G020,ANI,Villavicencio_Tramo_UF4,Sencilla,24,4.742918,-72.9669,Muy Bajo,SABANALARGA,CASANARE,85300
5,1G003,ANI,SMartaP_Tramo_2RioPalRioha,Doble,86,11.513615,-72.962094,Muy Bajo,RIOHACHA,LA GUAJIRA,44001
2,4G020,ANI,Villavicencio_Tramo_UF4,Sencilla,40,4.83244,-72.959175,Muy Bajo,MONTERREY,CASANARE,85162
3,1G003,ANI,SMartaP_Tramo_2RioPalRioha,Doble,88,11.522799,-72.945271,Muy Bajo,RIOHACHA,LA GUAJIRA,44001
10,,INVIAS-OTROS,,,24,5.968816,-72.933748,Bajo,CERINZA,BOYACÁ,15162
4,4G020,ANI,Villavicencio_Tramo_UF4,Sencilla,46,4.863968,-72.91935,Muy Bajo,MONTERREY,CASANARE,85162
5,4G020,ANI,Villavicencio_Tramo_UF4,Sencilla,48,4.878059,-72.907705,Muy Bajo,MONTERREY,CASANARE,85162
2,,INVIAS-OTROS,,,52,6.105309,-72.862187,Muy Bajo,TUTAZÁ,BOYACÁ,15839
3,4G012,ANI,MVM2_Tramo_UF7,Sencilla,19,4.116354,-72.803707,Muy Bajo,PUERTO LÓPEZ,META,50573
2,,INVIAS-OTROS,,,60,6.130972,-72.802792,Muy Bajo,SATIVANORTE,BOYACÁ,15720
2,4G012,ANI,MVM2_Tramo_UF7,Sencilla,21,4.125881,-72.789745,Muy Bajo,PUERTO LÓPEZ,META,50573
2,4G012,ANI,MVM2_Tramo_UF7,Sencilla,23,4.132319,-72.772923,Muy Bajo,PUERTO LÓPEZ,META,50573
8,,INVIAS-OTROS,,,64,6.142719,-72.771476,Bajo,SATIVANORTE,BOYACÁ,15720
5,,INVIAS-OTROS,CesarLaG_Tramo_Tramo6,Sencilla,26,11.038041,-72.757688,Muy Bajo,HATO NUEVO,LA GUAJIRA,44378
7,,INVIAS-OTROS,CesarLaG_Tramo_Tramo6,Sencilla,38,11.101788,-72.724239,Bajo,HATO NUEVO,LA GUAJIRA,44378
2,,INVIAS-OTROS,CesarLaG_Tramo_Tramo6,Sencilla,40,11.12134,-72.703572,Muy Bajo,HATO NUEVO,LA GUAJIRA,44378
2,,INVIAS-OTROS,,,44,6.749897,-72.702542,Muy Bajo,CONCEPCIÓN,SANTANDER,68207
2,4G020,ANI,Villavicencio_Tramo_UF5,Sencilla,32,4.87793,-72.700482,Muy Bajo,TAURAMENA,CASANARE,85410
3,,INVIAS-OTROS,CesarLaG_Tramo_Tramo6,Sencilla,42,11.131597,-72.691555,Muy Bajo,HATO NUEVO,LA GUAJIRA,44378
4,,INVIAS-OTROS,CesarLaG_Tramo_Tramo6,Sencilla,46,11.146188,-72.661514,Muy Bajo,HATO NUEVO,LA GUAJIRA,44378
2,4G031,ANI,,,92,7.512932,-72.635594,Muy Bajo,PAMPLONITA,NORTE DE SANTANDER,54520
3,4G012,ANI,MVM2_Tramo_UF7,Sencilla,41,4.176264,-72.63113,Muy Bajo,PUERTO LÓPEZ,META,50573
3,4G031,ANI,,,sd,7.635527,-72.628842,Muy Bajo,CHINÁCOTA,NORTE DE SANTANDER,54172
4,,INVIAS-OTROS,CesarLaG_Tramo_Tramo6,Sencilla,50,11.168375,-72.625208,Muy Bajo,ALBANIA,LA GUAJIRA,44035
13,,INVIAS-OTROS,,,60,7.345699,-72.613699,Bajo,PAMPLONA,NORTE DE SANTANDER,54518
2,4G020,ANI,Villavicencio_Tramo_UF6,Sencilla,70,5.116453,-72.589932,Muy Bajo,AGUAZUL,CASANARE,85010
12,4G031,ANI,,,122,7.730487,-72.558177,Bajo,LOS PATIOS,NORTE DE SANTANDER,54405
6,4G031,ANI,,,124,7.743216,-72.545872,Muy Bajo,LOS PATIOS,NORTE DE SANTANDER,54405
17,4G031,ANI,,,126,7.752591,-72.534485,Medio,LOS PATIOS,NORTE DE SANTANDER,54405
19,4G031,ANI,,,128,7.769091,-72.525255,Medio,LOS PATIOS,NORTE DE SANTANDER,54405
20,4G031,ANI,,,130,7.789545,-72.521257,Medio,LOS PATIOS,NORTE DE SANTANDER,54405
2,4G031,ANI,Cucuta_Tramo_Tramo14,Doble,1,7.824583,-72.509594,Muy Bajo,LOS PATIOS,NORTE DE SANTANDER,54405
2,4G020,ANI,Villavicencio_Tramo_UF7,Doble,90,5.241766,-72.49054,Muy Bajo,AGUAZUL,CASANARE,85010
2,,CIUDAD,,,3,7.842093,-72.48951,Muy Bajo,LOS PATIOS,NORTE DE SANTANDER,54405
5,,CIUDAD,,,17,7.926104,-72.484051,Muy Bajo,CÚCUTA,NORTE DE SANTANDER,54001
3,,CIUDAD,,,15,7.916594,-72.471829,Muy Bajo,CÚCUTA,NORTE DE SANTANDER,54001
6,,CIUDAD,,,11,7.887097,-72.460041,Muy Bajo,VILLA DEL ROSARIO,NORTE DE SANTANDER,54874
6,,INVIAS-OTROS,,,20,5.424392,-72.274676,Muy Bajo,YOPAL,CASANARE,85001
2,,INVIAS-OTROS,,,28,5.475054,-72.245236,Muy Bajo,YOPAL,CASANARE,85001
3,,INVIAS-OTROS,,,40,5.559597,-72.17022,Muy Bajo,NUNCHÍA,CASANARE,85225
3,,INVIAS-OTROS,,,44,5.574575,-72.149534,Muy Bajo,NUNCHÍA,CASANARE,85225
2,4G012,ANI,MVM2_Tramo_UF9,Sencilla,2,4.300204,-72.058811,Muy Bajo,PUERTO GAITÁN,META,50568
8,,INVIAS-OTROS,,,68,5.72053,-72.014265,Bajo,PORE,CASANARE,85263
8,,INVIAS-OTROS,,,50,6.217432,-67.87694,Bajo,PUERTO CARREÑO,VICHADA,99001
5,,INVIAS-OTROS,,,71,6.246214,-67.702074,Muy Bajo,PUERTO CARREÑO,VICHADA,99001
6,,INVIAS-OTROS,,,73,6.24321,-67.678414,Muy Bajo,PUERTO CARREÑO,VICHADA,99001
4,,INVIAS-OTROS,,,84,6.210065,-67.590037,Muy Bajo,PUERTO CARREÑO,VICHADA,99001
2,,INVIAS-OTROS,,,87,6.202898,-67.570725,Muy Bajo,PUERTO CARREÑO,VICHADA,99001
